fold,draw_weight,fixture_id,kickoff,home_team_id,away_team_id,actual,prediction,p_home,p_draw,p_away,confidence,best_iteration,features_count
Fold 1,1.0,543,2025-02-01 17:30:00,5,20,H,A,0.3420183435981825,0.2505697969117125,0.407411859490105,0.407411859490105,48,60
Fold 1,1.0,866,2025-02-01 17:30:00,55,52,D,A,0.30905781883436845,0.2916911367703055,0.3992510443953261,0.3992510443953261,48,60
Fold 1,1.0,1590,2025-02-01 17:30:00,80,98,H,H,0.5756335979026184,0.24825989685426578,0.1761065052431158,0.5756335979026184,48,60
Fold 1,1.0,174,2025-02-01 18:00:00,29,35,H,H,0.5786721712307734,0.21125236232248382,0.2100754664467428,0.5786721712307734,48,60
Fold 1,1.0,1219,2025-02-01 19:45:00,68,77,H,H,0.4047814854101482,0.3244771329566925,0.27074138163315925,0.4047814854101482,48,60
Fold 1,1.0,1591,2025-02-01 20:00:00,88,89,H,A,0.22746862746402585,0.2437314500707598,0.5287999224652142,0.5287999224652142,48,60
Fold 1,1.0,175,2025-02-01 20:05:00,22,39,H,H,0.6022388477289616,0.2283877660823102,0.1693733861887282,0.6022388477289616,48,60
Fold 1,1.0,1220,2025-02-02 11:30:00,65,73,H,H,0.624344768426376,0.20652758799922818,0.16912764357439586,0.624344768426376,48,60
Fold 1,1.0,1592,2025-02-02 13:00:00,79,90,H,H,0.6291480018503022,0.1981752691534117,0.17267672899628608,0.6291480018503022,48,60
Fold 1,1.0,176,2025-02-02 14:00:00,33,27,D,A,0.3551454643232059,0.2676345701562912,0.3772199655205029,0.3772199655205029,48,60
Fold 1,1.0,544,2025-02-02 14:00:00,1,16,A,H,0.44619396330812394,0.2491538944592229,0.30465214223265313,0.44619396330812394,48,60
Fold 1,1.0,545,2025-02-02 14:00:00,17,11,A,H,0.40822910389409184,0.29575720505388875,0.2960136910520193,0.40822910389409184,48,60
Fold 1,1.0,1221,2025-02-02 14:00:00,69,64,H,H,0.5070185786921756,0.25518808107240104,0.23779334023542334,0.5070185786921756,48,60
Fold 1,1.0,867,2025-02-02 14:30:00,49,42,D,H,0.48498404465737965,0.24188266820234408,0.2731332871402762,0.48498404465737965,48,60
Fold 1,1.0,1593,2025-02-02 15:15:00,82,87,H,A,0.32970977556644215,0.2553445700245595,0.4149456544089982,0.4149456544089982,48,60
Fold 1,1.0,177,2025-02-02 16:15:00,21,36,D,H,0.49976243694302575,0.26359550015065597,0.23664206290631834,0.49976243694302575,48,60
Fold 1,1.0,178,2025-02-02 16:15:00,30,26,A,H,0.4692802546730335,0.2692576735436275,0.26146207178333897,0.4692802546730335,48,60
Fold 1,1.0,179,2025-02-02 16:15:00,31,32,H,H,0.4216779670541515,0.25212851114264806,0.3261935218032005,0.4216779670541515,48,60
Fold 1,1.0,546,2025-02-02 16:30:00,8,14,H,A,0.30563107792928706,0.34399178932751356,0.35037713274319926,0.35037713274319926,48,60
Fold 1,1.0,868,2025-02-02 16:30:00,48,47,H,H,0.6674126162209406,0.19725587003378078,0.1353315137452787,0.6674126162209406,48,60
Fold 1,1.0,1222,2025-02-02 17:00:00,60,72,D,A,0.26009523572028803,0.2910228761020851,0.44888188817762686,0.44888188817762686,48,60
Fold 1,1.0,1594,2025-02-02 17:30:00,96,94,H,A,0.32026495352134643,0.2795116319108703,0.4002234145677834,0.4002234145677834,48,60
Fold 1,1.0,180,2025-02-02 19:45:00,24,23,H,H,0.44411549373154763,0.30183675196029575,0.25404775430815657,0.44411549373154763,48,60
Fold 1,1.0,1223,2025-02-02 19:45:00,66,62,D,H,0.3940161415905294,0.24274096351685218,0.3632428948926185,0.3940161415905294,48,60
Fold 1,1.0,1595,2025-02-02 20:00:00,91,81,D,H,0.4297243748888066,0.25077623490887974,0.31949939020231366,0.4297243748888066,48,60
Fold 1,1.0,1224,2025-02-03 19:45:00,61,59,A,A,0.31763267324784566,0.27658903468664947,0.40577829206550475,0.40577829206550475,48,60
Fold 1,1.0,547,2025-02-03 20:00:00,13,12,H,H,0.5858137758473061,0.24848550553079396,0.16570071862189992,0.5858137758473061,48,60
Fold 1,1.0,1596,2025-02-03 20:00:00,93,84,H,H,0.3816335032514781,0.3084225280816917,0.3099439686668302,0.3816335032514781,48,60
Fold 1,1.0,1225,2025-02-06 19:45:00,69,72,H,A,0.23998212251131595,0.2807553141872568,0.47926256330142714,0.47926256330142714,48,60
Fold 1,1.0,181,2025-02-07 18:00:00,26,34,A,H,0.3780478138507326,0.26699670491340427,0.354955481235863,0.3780478138507326,48,60
Fold 1,1.0,869,2025-02-07 19:30:00,40,43,H,H,0.6517784103120178,0.20361713834854614,0.14460445133943617,0.6517784103120178,48,60
Fold 1,1.0,1226,2025-02-07 19:45:00,77,65,A,A,0.2850377894912948,0.31374138914751126,0.40122082136119397,0.40122082136119397,48,60
Fold 1,1.0,1597,2025-02-07 20:00:00,97,95,H,H,0.5832055026380683,0.24178597770837337,0.17500851965355832,0.5832055026380683,48,60
Fold 1,1.0,182,2025-02-07 20:05:00,28,29,H,H,0.49606734598546803,0.294632377852842,0.20930027616169006,0.49606734598546803,48,60
Fold 1,1.0,1598,2025-02-08 13:00:00,87,91,H,H,0.43724517038746896,0.28962799646315085,0.27312683314938013,0.43724517038746896,48,60
Fold 1,1.0,1227,2025-02-08 14:00:00,71,67,A,A,0.21463732004075567,0.22307151858820937,0.562291161371035,0.562291161371035,48,60
Fold 1,1.0,870,2025-02-08 14:30:00,41,54,H,H,0.5442230388661096,0.253648185899695,0.20212877523419545,0.5442230388661096,48,60
Fold 1,1.0,871,2025-02-08 14:30:00,42,48,D,A,0.24983683400143025,0.2590255603492215,0.4911376056493484,0.4911376056493484,48,60
Fold 1,1.0,872,2025-02-08 14:30:00,45,50,D,H,0.40444327449927026,0.2971349739618215,0.29842175153890815,0.40444327449927026,48,60
Fold 1,1.0,873,2025-02-08 14:30:00,46,51,A,H,0.4084604938856372,0.2700855648963891,0.32145394121797377,0.4084604938856372,48,60
Fold 1,1.0,874,2025-02-08 14:30:00,47,55,A,H,0.49656771142864087,0.2225859618471321,0.280846326724227,0.49656771142864087,48,60
Fold 1,1.0,1599,2025-02-08 15:15:00,81,93,H,H,0.4011001152104498,0.29504432679041737,0.3038555579991329,0.4011001152104498,48,60
Fold 1,1.0,183,2025-02-08 16:00:00,27,38,H,A,0.31635197089990286,0.28468727443679864,0.39896075466329844,0.39896075466329844,48,60
Fold 1,1.0,1228,2025-02-08 17:00:00,73,60,A,A,0.25440035345249684,0.23429431735198814,0.5113053291955151,0.5113053291955151,48,60
Fold 1,1.0,875,2025-02-08 17:30:00,44,49,D,H,0.4183390012661229,0.2752161089566869,0.30644488977719025,0.4183390012661229,48,60
Fold 1,1.0,1600,2025-02-08 17:30:00,84,83,A,H,0.4230144355011349,0.2619192750907479,0.31506628940811715,0.4230144355011349,48,60
Fold 1,1.0,184,2025-02-08 18:00:00,22,36,A,H,0.6461367586549654,0.21020334277217495,0.14365989857285957,0.6461367586549654,48,60
Fold 1,1.0,1229,2025-02-08 19:45:00,70,64,D,H,0.4559589625019169,0.25875971224005445,0.2852813252580286,0.4559589625019169,48,60
Fold 1,1.0,1601,2025-02-08 20:00:00,89,80,D,H,0.4749340081843151,0.2758423402919837,0.24922365152370132,0.4749340081843151,48,60
Fold 1,1.0,185,2025-02-08 20:05:00,39,31,A,A,0.3529419486972192,0.2664872271305182,0.38057082417226257,0.38057082417226257,48,60
Fold 1,1.0,1230,2025-02-09 11:30:00,74,66,A,A,0.2633968201247967,0.23457872074567365,0.5020244591295296,0.5020244591295296,48,60
Fold 1,1.0,1602,2025-02-09 13:00:00,90,92,A,H,0.36885408755146054,0.2994756428765673,0.3316702695719722,0.36885408755146054,48,60
Fold 1,1.0,186,2025-02-09 14:00:00,23,30,H,H,0.5636437390529376,0.23717340045140428,0.19918286049565806,0.5636437390529376,48,60
Fold 1,1.0,1231,2025-02-09 14:00:00,59,78,H,H,0.6015726945481159,0.23016783198177984,0.1682594734701043,0.6015726945481159,48,60
Fold 1,1.0,1232,2025-02-09 14:00:00,61,75,H,H,0.45058800609124194,0.2749138168523671,0.2744981770563909,0.45058800609124194,48,60
Fold 1,1.0,876,2025-02-09 14:30:00,57,53,D,A,0.36933915411469964,0.25057418769545825,0.38008665818984216,0.38008665818984216,48,60
Fold 1,1.0,1603,2025-02-09 15:15:00,82,86,H,A,0.36063012880686396,0.25710519355741984,0.38226467763571625,0.38226467763571625,48,60
Fold 1,1.0,187,2025-02-09 16:15:00,32,25,H,H,0.5004442574452619,0.25635441528037434,0.24320132727436375,0.5004442574452619,48,60
Fold 1,1.0,188,2025-02-09 16:15:00,35,33,D,A,0.3302931560655648,0.25423185878844723,0.4154749851459879,0.4154749851459879,48,60
Fold 1,1.0,877,2025-02-09 16:30:00,52,56,H,H,0.45514420724850524,0.26402146902358065,0.28083432372791406,0.45514420724850524,48,60
Fold 1,1.0,1233,2025-02-09 17:00:00,76,68,D,A,0.2407281023217572,0.2687913827327476,0.49048051494549505,0.49048051494549505,48,60
Fold 1,1.0,1604,2025-02-09 17:30:00,94,88,H,H,0.5551095464719978,0.2290963519675315,0.21579410156047069,0.5551095464719978,48,60
Fold 1,1.0,189,2025-02-09 19:45:00,21,24,A,A,0.2293413723099883,0.2392258309238732,0.5314327967661385,0.5314327967661385,48,60
Fold 1,1.0,1234,2025-02-09 19:45:00,62,63,D,H,0.41085395499901023,0.30209168152838095,0.28705436347260893,0.41085395499901023,48,60
Fold 1,1.0,1605,2025-02-09 20:00:00,85,79,A,A,0.25371179466881344,0.2911449473445714,0.45514325798661526,0.45514325798661526,48,60
Fold 1,1.0,1235,2025-02-10 19:45:00,72,69,H,H,0.6307472383204535,0.21665089514983485,0.15260186652971164,0.6307472383204535,48,60
Fold 1,1.0,1606,2025-02-10 20:00:00,98,96,D,H,0.4494553793252144,0.28509771775497056,0.265446902919815,0.4494553793252144,48,60
Fold 1,1.0,548,2025-02-12 19:30:00,9,6,D,A,0.2432432778397322,0.25354995920882295,0.503206762951445,0.503206762951445,48,60
Fold 1,1.0,878,2025-02-14 19:30:00,50,52,D,A,0.3361403076488692,0.2931617179758317,0.37069797437529917,0.37069797437529917,48,60
Fold 1,1.0,190,2025-02-14 19:45:00,34,35,D,H,0.5351583967738259,0.24281720145801583,0.22202440176815832,0.5351583967738259,48,60
Fold 1,1.0,1236,2025-02-14 19:45:00,68,70,H,H,0.5287506255068606,0.24655230066132722,0.2246970738318122,0.5287506255068606,48,60
Fold 1,1.0,549,2025-02-14 20:00:00,15,13,H,A,0.3151065547970541,0.2977835016961367,0.38710994350680916,0.38710994350680916,48,60
Fold 1,1.0,1607,2025-02-14 20:00:00,93,92,A,H,0.4681594413843997,0.2849758078331657,0.24686475078243456,0.4681594413843997,48,60
Fold 1,1.0,550,2025-02-15 12:30:00,10,8,A,A,0.27216162610742617,0.24410370488026234,0.4837346690123116,0.4837346690123116,48,60
Fold 1,1.0,1608,2025-02-15 13:00:00,86,90,D,H,0.36649777018539126,0.2780843045399298,0.35541792527467886,0.36649777018539126,48,60
Fold 1,1.0,1237,2025-02-15 14:00:00,67,61,D,H,0.6286145483156164,0.2158097055221757,0.1555757461622079,0.6286145483156164,48,60
Fold 1,1.0,879,2025-02-15 14:30:00,51,42,A,H,0.5588131764947507,0.2435809275494752,0.19760589595577413,0.5588131764947507,48,60
Fold 1,1.0,880,2025-02-15 14:30:00,53,46,H,A,0.2913691089027275,0.27923056683134057,0.42940032426593194,0.42940032426593194,48,60
Fold 1,1.0,881,2025-02-15 14:30:00,55,44,A,A,0.33349137657993577,0.2623699565895124,0.4041386668305519,0.4041386668305519,48,60
Fold 1,1.0,882,2025-02-15 14:30:00,56,41,A,H,0.3771389524984636,0.2877090688786537,0.3351519786228827,0.3771389524984636,48,60
Fold 1,1.0,551,2025-02-15 15:00:00,4,19,H,H,0.4711621691566707,0.22881231897608814,0.3000255118672412,0.4711621691566707,48,60
Fold 1,1.0,552,2025-02-15 15:00:00,7,3,A,A,0.3683071264446496,0.26266991253468447,0.3690229610206658,0.3690229610206658,48,60
Fold 1,1.0,553,2025-02-15 15:00:00,12,17,A,H,0.37629001616986046,0.2723557613943488,0.35135422243579084,0.37629001616986046,48,60
Fold 1,1.0,554,2025-02-15 15:00:00,14,2,H,H,0.5218230996979034,0.23805318595142985,0.24012371435066676,0.5218230996979034,48,60
Fold 1,1.0,555,2025-02-15 15:00:00,20,18,D,H,0.5707557652998564,0.2477026490218742,0.18154158567826945,0.5707557652998564,48,60
Fold 1,1.0,1609,2025-02-15 15:15:00,96,89,D,A,0.23071610611268042,0.26398981399300336,0.5052940798943162,0.5052940798943162,48,60
Fold 1,1.0,191,2025-02-15 16:00:00,24,39,H,H,0.6498880603749645,0.21645568788224656,0.13365625174278897,0.6498880603749645,48,60
Fold 1,1.0,1238,2025-02-15 17:00:00,59,62,D,H,0.3856407387271325,0.24954772871616307,0.36481153255670445,0.3856407387271325,48,60
Fold 1,1.0,556,2025-02-15 17:30:00,16,9,A,H,0.4510843905936533,0.2679598337387456,0.28095577566760105,0.4510843905936533,48,60
Fold 1,1.0,883,2025-02-15 17:30:00,48,40,D,A,0.2535937896059255,0.3273655685658654,0.4190406418282091,0.4190406418282091,48,60
Fold 1,1.0,1610,2025-02-15 17:30:00,80,87,D,H,0.5346975884596182,0.26067442846197547,0.20462798307840624,0.5346975884596182,48,60
Fold 1,1.0,192,2025-02-15 18:00:00,29,26,H,H,0.5687722021071698,0.2294469615972004,0.20178083629562973,0.5687722021071698,48,60
Fold 1,1.0,1239,2025-02-15 19:45:00,60,71,H,H,0.6343866617780245,0.20966359464615072,0.1559497435758248,0.6343866617780245,48,60
Fold 1,1.0,1611,2025-02-15 20:00:00,83,82,D,H,0.4679495775744802,0.28692463318038475,0.24512578924513503,0.4679495775744802,48,60
Fold 1,1.0,193,2025-02-15 20:05:00,33,28,A,A,0.23276360299721174,0.25974317815139997,0.5074932188513882,0.5074932188513882,48,60
Fold 1,1.0,1240,2025-02-16 11:30:00,69,77,A,H,0.3622582965832718,0.28713932601765013,0.350602377399078,0.3622582965832718,48,60
Fold 1,1.0,1612,2025-02-16 13:00:00,88,81,D,A,0.293296360988049,0.26095053747076363,0.4457531015411874,0.4457531015411874,48,60
Fold 1,1.0,194,2025-02-16 14:00:00,25,23,A,A,0.24356643722827126,0.2495299546408653,0.5069036081308634,0.5069036081308634,48,60
Fold 1,1.0,557,2025-02-16 14:00:00,6,5,H,H,0.6164374489439987,0.22631158439034826,0.15725096666565302,0.6164374489439987,48,60
Fold 1,1.0,1241,2025-02-16 14:00:00,63,73,H,H,0.517688766103357,0.2510988462650582,0.2312123876315849,0.517688766103357,48,60
Fold 1,1.0,1242,2025-02-16 14:00:00,78,76,D,H,0.38333587184329443,0.24711528096112984,0.3695488471955758,0.38333587184329443,48,60
Fold 1,1.0,884,2025-02-16 14:30:00,43,47,A,H,0.5508613388387865,0.25210314664285655,0.19703551451835696,0.5508613388387865,48,60
Fold 1,1.0,1613,2025-02-16 15:15:00,95,85,A,A,0.2857366864126069,0.26826806877894394,0.44599524480844915,0.44599524480844915,48,60
Fold 1,1.0,195,2025-02-16 16:15:00,30,21,A,H,0.39571729505636527,0.26830880198810325,0.3359739029555314,0.39571729505636527,48,60
Fold 1,1.0,196,2025-02-16 16:15:00,36,27,A,A,0.27624231539691946,0.25624971288323745,0.4675079717198432,0.4675079717198432,48,60
Fold 1,1.0,197,2025-02-16 16:15:00,38,32,A,H,0.4932747110986366,0.23512662927382105,0.2715986596275424,0.4932747110986366,48,60
Fold 1,1.0,558,2025-02-16 16:30:00,11,1,H,H,0.48930315182324163,0.26725534891846114,0.24344149925829706,0.48930315182324163,48,60
Fold 1,1.0,885,2025-02-16 16:30:00,49,57,H,H,0.5877725675611293,0.22582548547291662,0.18640194696595405,0.5877725675611293,48,60
Fold 1,1.0,1243,2025-02-16 17:00:00,75,66,A,A,0.298943252085079,0.2583803003387158,0.4426764475762051,0.4426764475762051,48,60
Fold 1,1.0,1614,2025-02-16 17:30:00,98,84,H,H,0.35309084905135224,0.3130203756047919,0.33388877534385597,0.35309084905135224,48,60
Fold 1,1.0,886,2025-02-16 18:30:00,54,45,A,A,0.35226568984566237,0.2674060739248455,0.3803282362294921,0.3803282362294921,48,60
Fold 1,1.0,198,2025-02-16 19:45:00,31,22,A,A,0.3010219380035708,0.29779509538324406,0.4011829666131852,0.4011829666131852,48,60
Fold 1,1.0,1244,2025-02-16 19:45:00,65,72,H,A,0.28520310138317573,0.292703786239184,0.4220931123776403,0.4220931123776403,48,60
Fold 1,1.0,1615,2025-02-16 20:00:00,91,94,H,H,0.41221991167412253,0.2791609924538205,0.30861909587205705,0.41221991167412253,48,60
Fold 1,1.0,1245,2025-02-17 19:45:00,64,74,H,H,0.39000402666338535,0.28604793849021226,0.32394803484640233,0.39000402666338535,48,60
Fold 1,1.0,1616,2025-02-17 20:00:00,79,97,H,H,0.603176674181558,0.20291257817174693,0.19391074764669508,0.603176674181558,48,60
Fold 1,1.0,559,2025-02-19 19:30:00,20,6,D,A,0.2562745458225742,0.27135768529714505,0.47236776888028087,0.47236776888028087,48,60
Fold 1,1.0,887,2025-02-21 19:30:00,41,43,H,H,0.3605663813791262,0.2940767170652748,0.34535690155559895,0.3605663813791262,48,60
Fold 1,1.0,199,2025-02-21 19:45:00,31,30,H,H,0.4727785099415359,0.2765630233095528,0.2506584667489114,0.4727785099415359,48,60
Fold 1,1.0,1246,2025-02-21 19:45:00,76,63,A,A,0.3558510873930959,0.26582337163431746,0.3783255409725866,0.3783255409725866,48,60
Fold 1,1.0,560,2025-02-21 20:00:00,10,17,A,A,0.3053847657912835,0.24493835624844895,0.4496768779602676,0.4496768779602676,48,60
Fold 1,1.0,1617,2025-02-21 20:00:00,87,96,H,H,0.474997780510643,0.2782686941091875,0.2467335253801695,0.474997780510643,48,60
Fold 1,1.0,561,2025-02-22 12:30:00,9,1,D,H,0.42218518980009817,0.261968785230792,0.31584602496910985,0.42218518980009817,48,60
Fold 1,1.0,1618,2025-02-22 13:00:00,90,88,A,H,0.39057109688725744,0.2649935201238461,0.3444353829888965,0.39057109688725744,48,60
Fold 1,1.0,1247,2025-02-22 14:00:00,74,59,D,A,0.23440873427874345,0.23627449652368718,0.5293167691975694,0.5293167691975694,48,60
Fold 1,1.0,1248,2025-02-22 14:00:00,75,68,H,A,0.25951369795117607,0.24182510136222146,0.49866120068660247,0.49866120068660247,48,60
Fold 1,1.0,888,2025-02-22 14:30:00,42,53,D,H,0.38329972012195335,0.2734128098802078,0.34328746999783893,0.38329972012195335,48,60
Fold 1,1.0,889,2025-02-22 14:30:00,44,50,A,H,0.5883081595545849,0.2326306699573835,0.17906117048803166,0.5883081595545849,48,60
Fold 1,1.0,890,2025-02-22 14:30:00,45,56,H,H,0.48517084877919747,0.2663381426317617,0.24849100858904077,0.48517084877919747,48,60
Fold 1,1.0,891,2025-02-22 14:30:00,57,48,A,A,0.25094942583515945,0.23588568679291608,0.5131648873719244,0.5131648873719244,48,60
Fold 1,1.0,562,2025-02-22 15:00:00,3,5,A,H,0.5261824127179177,0.24649523303925908,0.22732235424282324,0.5261824127179177,48,60
Fold 1,1.0,563,2025-02-22 15:00:00,4,16,A,H,0.5188095584699248,0.25793068051696777,0.22325976101310752,0.5188095584699248,48,60
Fold 1,1.0,564,2025-02-22 15:00:00,7,15,A,H,0.38120762975359046,0.2576375997120532,0.3611547705343563,0.38120762975359046,48,60
Fold 1,1.0,565,2025-02-22 15:00:00,8,12,A,H,0.5940453985546906,0.24639061732956968,0.1595639841157396,0.5940453985546906,48,60
Fold 1,1.0,566,2025-02-22 15:00:00,18,11,A,A,0.3004875091929407,0.2624014140821985,0.4371110767248607,0.4371110767248607,48,60
Fold 1,1.0,1619,2025-02-22 15:15:00,97,83,A,H,0.37847282510968433,0.2953949768802849,0.32613219801003074,0.37847282510968433,48,60
Fold 1,1.0,200,2025-02-22 16:00:00,22,29,H,H,0.45565375588778256,0.2865316738821228,0.2578145702300946,0.45565375588778256,48,60
Fold 1,1.0,1249,2025-02-22 17:00:00,70,60,H,A,0.30515831121813247,0.27029275954984827,0.42454892923201926,0.42454892923201926,48,60
Fold 1,1.0,567,2025-02-22 17:30:00,20,13,H,H,0.3538266998914398,0.3149542150648309,0.33121908504372927,0.3538266998914398,48,60
Fold 1,1.0,892,2025-02-22 17:30:00,46,55,H,H,0.5436655835015173,0.2307518035112571,0.2255826129872256,0.5436655835015173,48,60
Fold 1,1.0,1620,2025-02-22 17:30:00,82,80,A,A,0.23179006386069834,0.24755940511235294,0.5206505310269487,0.5206505310269487,48,60
Fold 1,1.0,201,2025-02-22 18:00:00,39,21,D,H,0.3877543684792177,0.2541571142597747,0.3580885172610076,0.3877543684792177,48,60
Fold 1,1.0,1250,2025-02-22 19:45:00,72,64,H,H,0.6435198636546245,0.19604700232026706,0.1604331340251084,0.6435198636546245,48,60
Fold 1,1.0,1621,2025-02-22 20:00:00,84,79,A,A,0.23956159877236335,0.28839706955152106,0.47204133167611556,0.47204133167611556,48,60
Fold 1,1.0,202,2025-02-22 20:05:00,35,24,H,A,0.21229185372181458,0.25069437617333207,0.5370137701048533,0.5370137701048533,48,60
Fold 1,1.0,1251,2025-02-23 11:30:00,77,62,H,A,0.3521504603577322,0.2715361766640991,0.37631336297816875,0.37631336297816875,48,60
Fold 1,1.0,1622,2025-02-23 13:00:00,81,95,H,H,0.5813679361819865,0.24044852717093496,0.17818353664707862,0.5813679361819865,48,60
Fold 1,1.0,203,2025-02-23 14:00:00,26,38,H,A,0.28268604125720354,0.2682151022708732,0.4490988564719232,0.4490988564719232,48,60
Fold 1,1.0,568,2025-02-23 14:00:00,2,19,H,H,0.4955634198278972,0.24460155082819404,0.25983502934390884,0.4955634198278972,48,60
Fold 1,1.0,1252,2025-02-23 14:00:00,71,69,H,A,0.267922781601469,0.2993392342220728,0.4327379841764583,0.4327379841764583,48,60
Fold 1,1.0,893,2025-02-23 14:30:00,52,54,D,H,0.4738287173247114,0.30918709030074654,0.21698419237454208,0.4738287173247114,48,60
Fold 1,1.0,1623,2025-02-23 15:15:00,89,93,H,H,0.5606382120986947,0.25692880327427176,0.18243298462703358,0.5606382120986947,48,60
Fold 1,1.0,204,2025-02-23 16:15:00,27,25,H,H,0.5948578299238033,0.23522628643781188,0.16991588363838486,0.5948578299238033,48,60
Fold 1,1.0,205,2025-02-23 16:15:00,32,34,D,H,0.42817940863340004,0.26453536317325094,0.3072852281933491,0.42817940863340004,48,60
Fold 1,1.0,206,2025-02-23 16:15:00,36,33,A,A,0.3249183689193015,0.2582397875467927,0.41684184353390585,0.41684184353390585,48,60
Fold 1,1.0,569,2025-02-23 16:30:00,14,6,A,H,0.3957654328098014,0.27915265707688486,0.3250819101133137,0.3957654328098014,48,60
Fold 1,1.0,894,2025-02-23 16:30:00,40,49,H,H,0.6122760471318598,0.2192153191694118,0.1685086336987284,0.6122760471318598,48,60
Fold 1,1.0,1253,2025-02-23 17:00:00,73,67,A,A,0.2105990633716217,0.22932639769136892,0.5600745389370094,0.5600745389370094,48,60
Fold 1,1.0,1624,2025-02-23 17:30:00,92,91,A,H,0.38390799995765285,0.25050135032688636,0.3655906497154608,0.38390799995765285,48,60
Fold 1,1.0,895,2025-02-23 18:30:00,47,51,D,A,0.3187574150299342,0.2613288039139351,0.41991378105613064,0.41991378105613064,48,60
Fold 1,1.0,207,2025-02-23 19:45:00,23,28,A,A,0.2827720002371351,0.3004132629532987,0.41681473680956616,0.41681473680956616,48,60
Fold 1,1.0,1254,2025-02-23 19:45:00,61,65,A,A,0.23169372266784213,0.24106698625900538,0.5272392910731525,0.5272392910731525,48,60
Fold 1,1.0,1625,2025-02-23 20:00:00,94,86,H,H,0.5295970002139675,0.24978783267370638,0.22061516711232607,0.5295970002139675,48,60
Fold 1,1.0,1255,2025-02-24 19:45:00,66,78,H,H,0.6031194745444325,0.2441293240575049,0.1527512013980626,0.6031194745444325,48,60
Fold 1,1.0,1626,2025-02-24 20:00:00,85,98,D,H,0.4871344184670965,0.26397234862177843,0.24889323291112522,0.4871344184670965,48,60
Fold 1,1.0,570,2025-02-25 19:30:00,5,4,A,A,0.27737716393417616,0.2772497352696121,0.44537310079621173,0.44537310079621173,48,60
Fold 1,1.0,571,2025-02-25 19:30:00,15,3,H,H,0.4349205114328611,0.2885591324887759,0.276520356078363,0.4349205114328611,48,60
Fold 1,1.0,572,2025-02-25 19:30:00,16,20,H,H,0.4040680108931648,0.27415607437549333,0.3217759147313419,0.4040680108931648,48,60
Fold 1,1.0,573,2025-02-25 20:15:00,13,7,H,H,0.5602963553570429,0.24585822383867664,0.1938454208042804,0.5602963553570429,48,60
Fold 1,1.0,574,2025-02-26 19:30:00,1,18,H,H,0.494089670337795,0.26326866887012057,0.24264166079208443,0.494089670337795,48,60
Fold 1,1.0,575,2025-02-26 19:30:00,11,14,A,A,0.2967080154754641,0.2819317405862457,0.4213602439382902,0.4213602439382902,48,60
Fold 1,1.0,576,2025-02-26 19:30:00,17,9,D,H,0.451406771966132,0.2638434417204543,0.28474978631341363,0.451406771966132,48,60
Fold 1,1.0,577,2025-02-26 19:30:00,19,8,D,A,0.2705827684494009,0.2591139413559826,0.47030329019461664,0.47030329019461664,48,60
Fold 1,1.0,578,2025-02-26 20:15:00,6,2,H,H,0.4808474129581551,0.25722737091601044,0.2619252161258345,0.4808474129581551,48,60
Fold 1,1.0,1256,2025-02-27 19:45:00,68,60,H,H,0.3725364230857796,0.29657837185668706,0.3308852050575332,0.3725364230857796,48,60
Fold 1,1.0,579,2025-02-27 20:00:00,12,10,H,H,0.5016486354038064,0.2692422252641001,0.22910913933209348,0.5016486354038064,48,60
Fold 1,1.0,896,2025-02-28 19:30:00,51,40,A,A,0.23862085482010742,0.29681171387889754,0.46456743130099504,0.46456743130099504,48,60
Fold 1,1.0,208,2025-02-28 19:45:00,29,30,H,H,0.5782381527399445,0.23781708311994093,0.18394476414011454,0.5782381527399445,48,60
Fold 1,1.0,1257,2025-02-28 19:45:00,69,76,H,H,0.49520259053795856,0.2597944901585506,0.2450029193034908,0.49520259053795856,48,60
Fold 1,1.0,1627,2025-02-28 20:00:00,95,84,D,A,0.3066364223645019,0.2716018416973927,0.42176173593810523,0.42176173593810523,48,60
Fold 1,1.0,1628,2025-03-01 13:00:00,93,87,D,H,0.4108236657221955,0.2652908328332297,0.32388550144457484,0.4108236657221955,48,60
Fold 1,1.0,1258,2025-03-01 14:00:00,67,74,D,H,0.6321967143244683,0.21612888922717977,0.15167439644835184,0.6321967143244683,48,60
Fold 1,1.0,897,2025-03-01 14:30:00,43,42,A,H,0.48439439703842097,0.24382565565543168,0.2717799473061473,0.48439439703842097,48,60
Fold 1,1.0,900,2025-03-01 14:30:00,54,44,A,A,0.3623673913599658,0.25576033020857364,0.38187227843146054,0.38187227843146054,48,60
Fold 1,1.0,901,2025-03-01 14:30:00,56,46,A,A,0.29032759720853163,0.26274258269983763,0.44692982009163074,0.44692982009163074,48,60
Fold 2,1.0,594,2025-03-15 17:30:00,3,17,A,H,0.42017305307857655,0.2801116891636947,0.2997152577577287,0.42017305307857655,44,60
Fold 2,1.0,919,2025-03-15 17:30:00,52,46,H,H,0.3677559123789367,0.2747186529158547,0.3575254347052087,0.3677559123789367,44,60
Fold 2,1.0,1648,2025-03-15 17:30:00,83,89,A,A,0.29653217559967293,0.2654789558402365,0.4379888685600906,0.4379888685600906,44,60
Fold 2,1.0,228,2025-03-15 18:00:00,21,29,A,A,0.2745432988759436,0.26321850800103674,0.4622381931230197,0.4622381931230197,44,60
Fold 2,1.0,1281,2025-03-15 19:45:00,70,73,H,H,0.561679904669469,0.24622746040070448,0.19209263492982653,0.561679904669469,44,60
Fold 2,1.0,1649,2025-03-15 20:00:00,93,82,D,H,0.39905505199097435,0.2899586775814567,0.31098627042756893,0.39905505199097435,44,60
Fold 2,1.0,229,2025-03-15 20:05:00,38,31,H,A,0.3393542986212238,0.26282830595799067,0.39781739542078565,0.39781739542078565,44,60
Fold 2,1.0,1282,2025-03-16 11:30:00,74,62,D,A,0.2572781730714234,0.2548789710034089,0.4878428559251677,0.4878428559251677,44,60
Fold 2,1.0,1650,2025-03-16 13:00:00,86,91,A,A,0.2757886050469852,0.23982858565515774,0.48438280929785704,0.48438280929785704,44,60
Fold 2,1.0,595,2025-03-16 13:30:00,4,11,H,A,0.36006403169170514,0.2790934711480797,0.3608424971602151,0.3608424971602151,44,60
Fold 2,1.0,596,2025-03-16 13:30:00,8,13,H,H,0.3797298510994949,0.29385411054126404,0.3264160383592411,0.3797298510994949,44,60
Fold 2,1.0,230,2025-03-16 14:00:00,23,36,H,H,0.6085569986588377,0.23286907536026127,0.15857392598090106,0.6085569986588377,44,60
Fold 2,1.0,1283,2025-03-16 14:00:00,68,59,H,H,0.40534888713317546,0.26458788815836776,0.3300632247084568,0.40534888713317546,44,60
Fold 2,1.0,1284,2025-03-16 15:00:00,66,61,H,H,0.6224267439741865,0.22822849632075454,0.14934475970505895,0.6224267439741865,44,60
Fold 2,1.0,1651,2025-03-16 15:15:00,85,81,A,A,0.30135403907013897,0.24998727914866786,0.4486586817811932,0.4486586817811932,44,60
Fold 2,1.0,920,2025-03-16 15:20:00,53,49,A,A,0.3027462322017607,0.2688805167050191,0.42837325109322016,0.42837325109322016,44,60
Fold 2,1.0,231,2025-03-16 16:15:00,25,39,A,A,0.3432239669927923,0.28775857905014424,0.3690174539570635,0.3690174539570635,44,60
Fold 2,1.0,232,2025-03-16 16:15:00,32,33,H,H,0.4062136781853091,0.33084746109587526,0.26293886071881567,0.4062136781853091,44,60
Fold 2,1.0,233,2025-03-16 16:15:00,34,30,D,H,0.5154004715486945,0.27335093644906006,0.2112485920022454,0.5154004715486945,44,60
Fold 2,1.0,921,2025-03-16 16:30:00,54,57,H,H,0.40463900669316105,0.27103308528835873,0.32432790801848016,0.40463900669316105,44,60
Fold 2,1.0,1285,2025-03-16 17:00:00,69,65,H,A,0.2519694747211139,0.2445760771714416,0.5034544481074444,0.5034544481074444,44,60
Fold 2,1.0,1652,2025-03-16 17:30:00,96,92,A,H,0.4470286925409598,0.2609410465082856,0.29203026095075457,0.4470286925409598,44,60
Fold 2,1.0,1653,2025-03-16 17:30:00,97,94,D,H,0.5051487625606885,0.26807215254901307,0.2267790848902984,0.5051487625606885,44,60
Fold 2,1.0,922,2025-03-16 18:30:00,51,48,A,A,0.29286757010823106,0.28035562119389906,0.4267768086978698,0.4267768086978698,44,60
Fold 2,1.0,597,2025-03-16 19:00:00,10,1,A,A,0.29713458035369694,0.24013454721921482,0.46273087242708816,0.46273087242708816,44,60
Fold 2,1.0,234,2025-03-16 19:45:00,28,24,H,H,0.38373010478386155,0.34138014378332404,0.27488975143281447,0.38373010478386155,44,60
Fold 2,1.0,1286,2025-03-16 19:45:00,67,72,A,H,0.36300802591851655,0.2922077880332033,0.3447841860482802,0.36300802591851655,44,60
Fold 2,1.0,1654,2025-03-16 20:00:00,80,79,A,A,0.2377758851230906,0.2814673419953754,0.480756772881534,0.480756772881534,44,60
Fold 2,1.0,1655,2025-03-27 20:00:00,79,96,H,H,0.6527756164930801,0.2009003873531824,0.1463239961537373,0.6527756164930801,44,60
Fold 2,1.0,923,2025-03-28 19:30:00,48,53,H,H,0.5942962263085769,0.2312669863712698,0.17443678732015316,0.5942962263085769,44,60
Fold 2,1.0,235,2025-03-28 19:45:00,32,23,H,A,0.3504807305303652,0.28114531820978755,0.36837395125984723,0.36837395125984723,44,60
Fold 2,1.0,1656,2025-03-29 13:00:00,94,95,H,H,0.4355038597115808,0.30604453662709047,0.2584516036613288,0.4355038597115808,44,60
Fold 2,1.0,1287,2025-03-29 14:00:00,74,68,A,A,0.24378709166144155,0.25054289034704824,0.5056700179915102,0.5056700179915102,44,60
Fold 2,1.0,1288,2025-03-29 14:00:00,77,73,D,H,0.6227742060064857,0.21596705487965354,0.16125873911386077,0.6227742060064857,44,60
Fold 2,1.0,924,2025-03-29 14:30:00,40,56,H,H,0.6858670545682897,0.1674677886120988,0.14666515681961143,0.6858670545682897,44,60
Fold 2,1.0,925,2025-03-29 14:30:00,42,54,A,H,0.4919330891278404,0.27934887363507244,0.22871803723708717,0.4919330891278404,44,60
Fold 2,1.0,926,2025-03-29 14:30:00,44,52,H,H,0.448938800585541,0.25971995599499026,0.29134124341946877,0.448938800585541,44,60
Fold 2,1.0,927,2025-03-29 14:30:00,47,50,D,H,0.37247164771967695,0.28047448106485895,0.3470538712154641,0.37247164771967695,44,60
Fold 2,1.0,928,2025-03-29 14:30:00,57,43,A,A,0.3520812729991621,0.29451112483783604,0.3534076021630018,0.3534076021630018,44,60
Fold 2,1.0,1657,2025-03-29 15:15:00,88,80,D,A,0.2900927847216235,0.2831998338823486,0.4267073813960279,0.4267073813960279,44,60
Fold 2,1.0,236,2025-03-29 16:00:00,30,24,H,A,0.24535074398209553,0.23229641123426117,0.5223528447836433,0.5223528447836433,44,60
Fold 2,1.0,1289,2025-03-29 17:00:00,65,64,H,H,0.5768296338927894,0.21579860681114307,0.20737175929606752,0.5768296338927894,44,60
Fold 2,1.0,929,2025-03-29 17:30:00,49,51,H,H,0.5052682967489917,0.26641252897018514,0.22831917428082324,0.5052682967489917,44,60
Fold 2,1.0,1658,2025-03-29 17:30:00,90,97,A,A,0.31791269768472197,0.26833100288708167,0.4137562994281963,0.4137562994281963,44,60
Fold 2,1.0,237,2025-03-29 18:00:00,39,28,A,A,0.24049491021419253,0.2478944783017657,0.5116106114840417,0.5116106114840417,44,60
Fold 2,1.0,1290,2025-03-29 19:45:00,76,66,A,A,0.2517614252072536,0.22564994071531355,0.5225886340774328,0.5225886340774328,44,60
Fold 2,1.0,1659,2025-03-29 20:00:00,89,86,H,H,0.6952564864530437,0.17166461345698014,0.13307890008997603,0.6952564864530437,44,60
Fold 2,1.0,238,2025-03-29 20:05:00,29,27,H,H,0.46182055103578584,0.241643444819431,0.29653600414478304,0.46182055103578584,44,60
Fold 2,1.0,1291,2025-03-30 10:30:00,61,78,H,H,0.48434509048692304,0.28736528796244115,0.22828962155063587,0.48434509048692304,44,60
Fold 2,1.0,1660,2025-03-30 12:00:00,92,83,A,A,0.30248003907372856,0.29250125206597816,0.40501870886029334,0.40501870886029334,44,60
Fold 2,1.0,239,2025-03-30 13:00:00,33,34,A,H,0.36821595313659966,0.29418494513757476,0.3375991017258256,0.36821595313659966,44,60
Fold 2,1.0,1292,2025-03-30 13:00:00,69,67,H,A,0.26317137987772354,0.2778530423259852,0.4589755777962913,0.4589755777962913,44,60
Fold 2,1.0,930,2025-03-30 13:30:00,41,55,A,H,0.4260421194393098,0.34353010811400225,0.23042777244668788,0.4260421194393098,44,60
Fold 2,1.0,1661,2025-03-30 14:15:00,79,93,H,H,0.6275021074855713,0.2253782678937769,0.14711962462065167,0.6275021074855713,44,60
Fold 2,1.0,240,2025-03-30 15:15:00,21,31,A,A,0.27970273534006024,0.26142666255387925,0.45887060210606057,0.45887060210606057,44,60
Fold 2,1.0,241,2025-03-30 15:15:00,35,25,H,H,0.4996797190005156,0.272956300111911,0.2273639808875735,0.4996797190005156,44,60
Fold 2,1.0,242,2025-03-30 15:15:00,36,26,H,H,0.37687617107444965,0.27198565862392243,0.3511381703016278,0.37687617107444965,44,60
Fold 2,1.0,931,2025-03-30 15:30:00,46,45,H,H,0.522738893959283,0.2212510237298209,0.25601008231089606,0.522738893959283,44,60
Fold 2,1.0,1293,2025-03-30 16:00:00,72,63,H,H,0.5674959316252237,0.2335778746174604,0.19892619375731588,0.5674959316252237,44,60
Fold 2,1.0,1662,2025-03-30 16:30:00,81,96,D,H,0.5552723683793132,0.24637110407685606,0.19835652754383087,0.5552723683793132,44,60
Fold 2,1.0,1663,2025-03-30 16:30:00,82,98,H,H,0.4101255288899008,0.2664086972049461,0.3234657739051532,0.4101255288899008,44,60
Fold 2,1.0,243,2025-03-30 18:45:00,22,38,H,H,0.545936571176595,0.22367058563036846,0.23039284319303663,0.545936571176595,44,60
Fold 2,1.0,1294,2025-03-30 18:45:00,62,60,H,A,0.34582006586481245,0.2982566297739983,0.3559233043611892,0.3559233043611892,44,60
Fold 2,1.0,1664,2025-03-30 19:00:00,91,85,H,H,0.45492692844991695,0.27446661080948725,0.2706064607405959,0.45492692844991695,44,60
Fold 2,1.0,1295,2025-03-31 16:30:00,71,75,D,A,0.3646246698086322,0.2653367619348856,0.3700385682564821,0.3700385682564821,44,60
Fold 2,1.0,1296,2025-03-31 18:45:00,59,70,D,H,0.5362840999447789,0.2326089127401477,0.23110698731507343,0.5362840999447789,44,60
Fold 2,1.0,1665,2025-03-31 19:00:00,87,84,D,H,0.4739581463428548,0.31622941298246215,0.20981244067468308,0.4739581463428548,44,60
Fold 2,1.0,598,2025-04-01 18:45:00,5,12,H,H,0.431427647166226,0.2586038802131445,0.3099684726206295,0.431427647166226,44,60
Fold 2,1.0,599,2025-04-01 18:45:00,8,4,H,H,0.45215202447508646,0.2775823097615598,0.2702656657633538,0.45215202447508646,44,60
Fold 2,1.0,600,2025-04-01 19:00:00,19,1,H,H,0.3656338644039003,0.30265889285720654,0.33170724273889324,0.3656338644039003,44,60
Fold 2,1.0,601,2025-04-02 18:45:00,2,17,H,A,0.343441009948434,0.2746374206420514,0.3819215694095147,0.3819215694095147,44,60
Fold 2,1.0,602,2025-04-02 18:45:00,3,18,A,H,0.5636913157774858,0.24286746789920063,0.19344121632331365,0.5636913157774858,44,60
Fold 2,1.0,603,2025-04-02 18:45:00,7,16,D,A,0.3018547078378844,0.27595184078973883,0.42219345137237685,0.42219345137237685,44,60
Fold 2,1.0,604,2025-04-02 18:45:00,14,10,H,H,0.6243107513427707,0.2244659594136725,0.1512232892435568,0.6243107513427707,44,60
Fold 2,1.0,605,2025-04-02 18:45:00,15,20,A,H,0.4639569094046702,0.26851752966341846,0.2675255609319113,0.4639569094046702,44,60
Fold 2,1.0,606,2025-04-02 19:00:00,6,9,H,H,0.6182549895855157,0.21087402684568304,0.1708709835688013,0.6182549895855157,44,60
Fold 2,1.0,607,2025-04-03 19:00:00,13,11,H,H,0.5143743734915839,0.24852996778526562,0.2370956587231505,0.5143743734915839,44,60
Fold 2,1.0,932,2025-04-04 18:30:00,50,40,A,A,0.27226909050092646,0.2748387657015081,0.4528921437975654,0.4528921437975654,44,60
Fold 2,1.0,244,2025-04-04 18:45:00,27,26,A,H,0.5989202758651727,0.22661656496210877,0.1744631591727185,0.5989202758651727,44,60
Fold 2,1.0,1297,2025-04-04 18:45:00,64,63,H,A,0.31537098850825596,0.26401298616402424,0.42061602532771986,0.42061602532771986,44,60
Fold 2,1.0,1666,2025-04-04 19:00:00,97,88,A,H,0.5384651850276926,0.24235967683057585,0.2191751381417316,0.5384651850276926,44,60
Fold 2,1.0,608,2025-04-05 11:30:00,9,8,D,A,0.327625057734222,0.29822720524321494,0.37414773702256304,0.37414773702256304,44,60
Fold 2,1.0,1667,2025-04-05 12:00:00,93,90,A,H,0.41581641491412824,0.2513490454134531,0.3328345396724186,0.41581641491412824,44,60
Fold 2,1.0,1298,2025-04-05 13:00:00,78,77,A,A,0.3163845190270331,0.231938083073807,0.45167739789916,0.45167739789916,44,60
Fold 2,1.0,933,2025-04-05 13:30:00,41,46,A,A,0.32727134374501454,0.2722605270022489,0.40046812925273645,0.40046812925273645,44,60
Fold 2,1.0,934,2025-04-05 13:30:00,45,57,D,H,0.5495130445913198,0.2537421027900241,0.19674485261865612,0.5495130445913198,44,60
Fold 2,1.0,935,2025-04-05 13:30:00,52,47,H,H,0.4316622962939784,0.2778125204429622,0.2905251832630595,0.4316622962939784,44,60
Fold 2,1.0,936,2025-04-05 13:30:00,53,51,A,H,0.4079581872552388,0.2764129886858001,0.31562882405896103,0.4079581872552388,44,60
Fold 2,1.0,937,2025-04-05 13:30:00,54,48,A,A,0.23974580102949733,0.24543135557827903,0.5148228433922237,0.5148228433922237,44,60
Fold 2,1.0,609,2025-04-05 14:00:00,12,3,D,A,0.32352097627062987,0.2867305024786531,0.389748521250717,0.389748521250717,44,60
Fold 2,1.0,610,2025-04-05 14:00:00,16,15,H,H,0.40988242431556493,0.29445049479858565,0.2956670808858494,0.40988242431556493,44,60
Fold 2,1.0,611,2025-04-05 14:00:00,18,5,A,A,0.34032686728690054,0.24946488642840955,0.4102082462846898,0.4102082462846898,44,60
Fold 2,1.0,1668,2025-04-05 14:15:00,89,82,A,H,0.6568347288674283,0.18855324481230767,0.1546120263202639,0.6568347288674283,44,60
Fold 2,1.0,245,2025-04-05 15:00:00,28,21,H,H,0.6537297790328922,0.19346461801430478,0.15280560295280304,0.6537297790328922,44,60
Fold 2,1.0,1299,2025-04-05 16:00:00,75,72,D,A,0.2391530257396875,0.23244086522144086,0.5284061090388716,0.5284061090388716,44,60
Fold 2,1.0,612,2025-04-05 16:30:00,20,19,H,H,0.44951186640744534,0.2633296713189178,0.28715846227363695,0.44951186640744534,44,60
Fold 2,1.0,938,2025-04-05 16:30:00,43,49,H,A,0.3246338046119199,0.2451493262310938,0.43021686915698637,0.43021686915698637,44,60
Fold 2,1.0,1669,2025-04-05 16:30:00,98,87,A,A,0.33117581132808005,0.25098643007086024,0.4178377586010597,0.4178377586010597,44,60
Fold 2,1.0,246,2025-04-05 17:00:00,34,29,H,A,0.28333039688407813,0.28450279363671094,0.4321668094792109,0.4321668094792109,44,60
Fold 2,1.0,1300,2025-04-05 18:45:00,60,69,D,H,0.4857077989324387,0.2515436153184735,0.2627485857490877,0.4857077989324387,44,60
Fold 2,1.0,1670,2025-04-05 19:00:00,79,91,D,H,0.6402280306088085,0.2017754236004969,0.15799654579069464,0.6402280306088085,44,60
Fold 2,1.0,247,2025-04-05 19:05:00,23,22,H,H,0.3743859001295237,0.2943148826433601,0.3312992172271162,0.3743859001295237,44,60
Fold 2,1.0,1301,2025-04-06 10:30:00,76,74,D,H,0.38635211412275317,0.2927190697362126,0.3209288161410342,0.38635211412275317,44,60
Fold 2,1.0,1671,2025-04-06 12:00:00,84,94,A,H,0.36863283949050196,0.30409568185565106,0.3272714786538471,0.36863283949050196,44,60
Fold 2,1.0,248,2025-04-06 13:00:00,38,39,H,H,0.4578168950661717,0.2842436439426419,0.25793946099118636,0.4578168950661717,44,60
Fold 2,1.0,613,2025-04-06 13:00:00,4,6,H,A,0.2614768225263647,0.27700916300858475,0.46151401446505047,0.46151401446505047,44,60
Fold 2,1.0,614,2025-04-06 13:00:00,11,7,H,H,0.6243945368981167,0.2058228403005665,0.16978262280131684,0.6243945368981167,44,60
Fold 2,1.0,615,2025-04-06 13:00:00,17,13,D,A,0.29017731671232594,0.2667764179228501,0.44304626536482394,0.44304626536482394,44,60
Fold 2,1.0,1302,2025-04-06 13:00:00,70,71,D,H,0.476797734410947,0.286378930552485,0.23682333503656797,0.476797734410947,44,60
Fold 2,1.0,1303,2025-04-06 13:00:00,73,61,D,A,0.2942339845178099,0.27746191436238427,0.42830410111980594,0.42830410111980594,44,60
Fold 2,1.0,939,2025-04-06 13:30:00,56,44,D,A,0.266522829229633,0.26946306731074093,0.46401410345962624,0.46401410345962624,44,60
Fold 2,1.0,1672,2025-04-06 14:15:00,85,80,A,H,0.3815193066432297,0.2770225259163415,0.3414581674404288,0.3815193066432297,44,60
Fold 2,1.0,249,2025-04-06 15:15:00,25,36,A,A,0.2998147018468807,0.2904227293403524,0.40976256881276685,0.40976256881276685,44,60
Fold 2,1.0,250,2025-04-06 15:15:00,30,32,A,A,0.2735506651758117,0.2516371718247322,0.4748121629994562,0.4748121629994562,44,60
Fold 2,1.0,251,2025-04-06 15:15:00,31,35,A,H,0.5082713702016652,0.2737786216190501,0.21795000817928473,0.5082713702016652,44,60
Fold 2,1.0,616,2025-04-06 15:30:00,1,14,D,A,0.292459173009006,0.25026217737735557,0.4572786496136385,0.4572786496136385,44,60
Fold 2,1.0,940,2025-04-06 15:30:00,55,42,H,H,0.3772980634334077,0.29111827808873997,0.3315836584778523,0.3772980634334077,44,60
Fold 2,1.0,1304,2025-04-06 16:00:00,67,59,A,H,0.3984042259481333,0.2704222424296013,0.3311735316222655,0.3984042259481333,44,60
Fold 2,1.0,1673,2025-04-06 16:30:00,95,92,A,A,0.363897740971218,0.2598139457410135,0.37628831328776846,0.37628831328776846,44,60
Fold 2,1.0,252,2025-04-06 18:45:00,24,33,H,H,0.5997436961805654,0.2057526534337536,0.19450365038568093,0.5997436961805654,44,60
Fold 2,1.0,1305,2025-04-06 18:45:00,66,65,D,H,0.47240998890022323,0.2794748427473952,0.24811516835238154,0.47240998890022323,44,60
Fold 2,1.0,1674,2025-04-06 19:00:00,83,81,D,A,0.3319448003382802,0.2888474707631881,0.3792077288985316,0.3792077288985316,44,60
Fold 2,1.0,1306,2025-04-07 18:45:00,68,62,D,H,0.4631682994213881,0.2764713774806054,0.26036032309800644,0.4631682994213881,44,60
Fold 2,1.0,617,2025-04-07 19:00:00,10,2,A,A,0.2922592763317821,0.26050949279818186,0.44723123087003597,0.44723123087003597,44,60
Fold 2,1.0,1675,2025-04-07 19:00:00,86,96,D,A,0.344424500595263,0.2894167485141816,0.3661587508905555,0.3661587508905555,44,60
Fold 2,1.0,941,2025-04-11 18:30:00,42,52,A,A,0.3231009975016712,0.2877871037159094,0.3891118987824194,0.3891118987824194,44,60
Fold 2,1.0,253,2025-04-11 18:45:00,38,30,A,H,0.5655184725436387,0.24339870216435966,0.19108282529200168,0.5655184725436387,44,60
Fold 2,1.0,1307,2025-04-11 18:45:00,63,60,A,A,0.33565387950283326,0.2834114183179893,0.38093470217917735,0.38093470217917735,44,60
Fold 2,1.0,1676,2025-04-11 19:00:00,82,85,H,H,0.3823760611155908,0.2895700166834111,0.32805392220099816,0.3823760611155908,44,60
Fold 2,1.0,618,2025-04-12 11:30:00,14,16,H,H,0.5002042354678078,0.2427030328303281,0.25709273170186414,0.5002042354678078,44,60
Fold 2,1.0,1677,2025-04-12 12:00:00,94,98,A,H,0.42580654340877583,0.2752063894303094,0.2989870671609148,0.42580654340877583,44,60
Fold 2,1.0,1308,2025-04-12 13:00:00,74,78,H,H,0.47502439821617554,0.2624410184851165,0.262534583298708,0.47502439821617554,44,60
Fold 2,1.0,942,2025-04-12 13:30:00,44,41,A,H,0.46167219993009084,0.27387005849604856,0.26445774157386054,0.46167219993009084,44,60
Fold 2,1.0,943,2025-04-12 13:30:00,47,45,H,A,0.311403496338912,0.2605958748091773,0.42800062885191076,0.42800062885191076,44,60
Fold 2,1.0,944,2025-04-12 13:30:00,48,55,D,H,0.6152054959554437,0.21062300198620346,0.1741715020583528,0.6152054959554437,44,60
Fold 2,1.0,945,2025-04-12 13:30:00,53,50,A,H,0.37859303027017105,0.2774430847885569,0.3439638849412721,0.37859303027017105,44,60
Fold 2,1.0,946,2025-04-12 13:30:00,57,56,A,A,0.35143952091624575,0.2862044752667294,0.36235600381702493,0.36235600381702493,44,60
Fold 2,1.0,619,2025-04-12 14:00:00,7,20,A,A,0.29444379210708266,0.24595292561359708,0.4596032822793203,0.4596032822793203,44,60
Fold 2,1.0,620,2025-04-12 14:00:00,15,10,D,H,0.591126211604209,0.22445961048431137,0.18441417791147963,0.591126211604209,44,60
Fold 2,1.0,621,2025-04-12 14:00:00,19,9,A,H,0.4064770552755146,0.29238251704734397,0.3011404276771415,0.4064770552755146,44,60
Fold 2,1.0,1678,2025-04-12 14:15:00,92,84,A,H,0.46910727035938493,0.2814038069893744,0.2494889226512406,0.46910727035938493,44,60
Fold 2,1.0,254,2025-04-12 15:00:00,29,24,H,H,0.35889656616171706,0.2997199751570591,0.3413834586812237,0.35889656616171706,44,60
Fold 2,1.0,1309,2025-04-12 16:00:00,72,61,H,H,0.6614488967939769,0.18304557985126382,0.15550552335475934,0.6614488967939769,44,60
Fold 2,1.0,622,2025-04-12 16:30:00,8,17,D,H,0.5107261876371509,0.26613026232900316,0.2231435500338458,0.5107261876371509,44,60
Fold 2,1.0,947,2025-04-12 16:30:00,40,46,D,H,0.5708980787904153,0.2290538066895174,0.20004811452006735,0.5708980787904153,44,60
Fold 2,1.0,1679,2025-04-12 16:30:00,87,88,A,H,0.5700661275054911,0.22413113461952222,0.20580273787498662,0.5700661275054911,44,60
Fold 2,1.0,255,2025-04-12 17:00:00,33,22,A,A,0.32159039781731474,0.27452675154251654,0.40388285064016877,0.40388285064016877,44,60
Fold 2,1.0,1310,2025-04-12 18:45:00,65,76,H,H,0.5812928047404057,0.23814139169884543,0.1805658035607489,0.5812928047404057,44,60
Fold 2,1.0,1680,2025-04-12 19:00:00,86,79,A,A,0.21797978192882864,0.2438185484336118,0.5382016696375596,0.5382016696375596,44,60
Fold 2,1.0,256,2025-04-12 19:05:00,32,27,D,H,0.3988633578159297,0.3188728802740774,0.2822637619099928,0.3988633578159297,44,60
Fold 2,1.0,1311,2025-04-13 10:30:00,67,68,H,H,0.390810629276185,0.2881635608799173,0.32102580984389767,0.390810629276185,44,60
Fold 2,1.0,1681,2025-04-13 12:00:00,96,93,H,H,0.450970039826417,0.2638658375748519,0.28516412259873114,0.450970039826417,44,60
Fold 2,1.0,257,2025-04-13 13:00:00,39,34,D,A,0.2916944676419854,0.2664724683160489,0.4418330640419658,0.4418330640419658,44,60
Fold 2,1.0,623,2025-04-13 13:00:00,5,11,H,A,0.35714330369927916,0.2686574636829538,0.37419923261776705,0.37419923261776705,44,60
Fold 2,1.0,624,2025-04-13 13:00:00,6,12,H,H,0.5837571842376001,0.232026525037396,0.18421629072500392,0.5837571842376001,44,60
Fold 2,1.0,625,2025-04-13 13:00:00,13,18,D,H,0.6055220306467161,0.23554542357826855,0.15893254577501545,0.6055220306467161,44,60
Fold 2,1.0,1312,2025-04-13 13:00:00,69,75,D,H,0.40866795780216164,0.3276966741451913,0.2636353680526471,0.40866795780216164,44,60
Fold 2,1.0,1313,2025-04-13 13:00:00,71,64,D,A,0.30075489065121036,0.29008124192815177,0.4091638674206377,0.4091638674206377,44,60
Fold 2,1.0,948,2025-04-13 13:30:00,51,43,A,H,0.3566306149998125,0.28981068436587337,0.3535587006343141,0.3566306149998125,44,60
Fold 2,1.0,1682,2025-04-13 14:15:00,90,89,A,A,0.2541460588799311,0.2643423981909951,0.481511542929074,0.481511542929074,44,60
Fold 2,1.0,258,2025-04-13 15:15:00,21,25,H,H,0.3699678227096444,0.32729516825438726,0.3027370090359683,0.3699678227096444,44,60
Fold 2,1.0,259,2025-04-13 15:15:00,36,31,A,A,0.29362361742721804,0.2869204261773513,0.41945595639543065,0.41945595639543065,44,60
Fold 2,1.0,626,2025-04-13 15:30:00,2,1,H,H,0.4267307971764145,0.28554354479026905,0.2877256580333164,0.4267307971764145,44,60
Fold 2,1.0,949,2025-04-13 15:30:00,49,54,H,H,0.5246087336674984,0.2391207563598109,0.23627050997269078,0.5246087336674984,44,60
Fold 2,1.0,1314,2025-04-13 16:00:00,77,70,H,H,0.4679049232203631,0.24178356550271737,0.2903115112769197,0.4679049232203631,44,60
Fold 2,1.0,1683,2025-04-13 16:30:00,91,83,A,H,0.3892128343049499,0.30075754834138385,0.31002961735366624,0.3892128343049499,44,60
Fold 2,1.0,260,2025-04-13 18:45:00,35,23,A,A,0.283287520315357,0.2904340775271577,0.42627840215748536,0.42627840215748536,44,60
Fold 2,1.0,1315,2025-04-13 18:45:00,59,66,D,A,0.35068795257167745,0.2891845891984297,0.36012745822989295,0.36012745822989295,44,60
Fold 2,1.0,1684,2025-04-13 19:00:00,81,97,H,H,0.43284393135187754,0.2832918636154777,0.28386420503264487,0.43284393135187754,44,60
Fold 2,1.0,1316,2025-04-14 18:45:00,62,73,H,H,0.5978950308349053,0.22603947895339768,0.1760654902116971,0.5978950308349053,44,60
Fold 2,1.0,627,2025-04-14 19:00:00,3,4,H,H,0.39723157309393764,0.27891660304572474,0.3238518238603377,0.39723157309393764,44,60
Fold 2,1.0,1685,2025-04-14 19:00:00,80,95,H,H,0.5900183890159234,0.2502316231953103,0.15974998778876626,0.5900183890159234,44,60
Fold 2,1.0,628,2025-04-16 18:30:00,2,16,H,A,0.3403267074810746,0.2882234391944937,0.3714498533244317,0.3714498533244317,44,60
Fold 2,1.0,261,2025-04-18 18:45:00,31,26,H,H,0.6152180392718799,0.21936337567258138,0.16541858505553875,0.6152180392718799,44,60
Fold 2,1.0,1686,2025-04-18 19:00:00,88,92,H,A,0.32813095632211864,0.31155875972561514,0.3603102839522662,0.3603102839522662,44,60
Fold 2,1.0,1687,2025-04-19 12:00:00,97,82,D,H,0.37771486635713253,0.26571623452687004,0.3565688991159975,0.37771486635713253,44,60
Fold 2,1.0,1317,2025-04-19 13:00:00,76,77,A,A,0.27449816443358005,0.2715805963199263,0.4539212392464936,0.4539212392464936,44,60
Fold 2,1.0,950,2025-04-19 13:30:00,41,47,H,H,0.49968473164862887,0.28758181620230033,0.2127334521490707,0.49968473164862887,44,60
Fold 2,1.0,951,2025-04-19 13:30:00,43,53,H,H,0.3890591412231331,0.31325456114501504,0.2976862976318519,0.3890591412231331,44,60
Fold 2,1.0,952,2025-04-19 13:30:00,45,42,D,H,0.4391756160044009,0.27612860592356125,0.28469577807203783,0.4391756160044009,44,60
Fold 2,1.0,953,2025-04-19 13:30:00,52,57,D,H,0.5933112536890932,0.2325143461537904,0.17417440015711635,0.5933112536890932,44,60
Fold 2,1.0,954,2025-04-19 13:30:00,54,40,A,A,0.2300801928574149,0.22704804258470784,0.5428717645578772,0.5428717645578772,44,60
Fold 2,1.0,629,2025-04-19 14:00:00,9,14,A,A,0.2695689430811148,0.2831945211807292,0.44723653573815597,0.44723653573815597,44,60
Fold 2,1.0,630,2025-04-19 14:00:00,12,7,D,H,0.4885544534619193,0.2641482687733184,0.24729727776476237,0.4885544534619193,44,60
Fold 2,1.0,631,2025-04-19 14:00:00,16,3,D,A,0.33171603313360576,0.2774401254019868,0.39084384146440754,0.39084384146440754,44,60
Fold 3,1.0,1338,2025-05-03 13:00:00,61,63,A,A,0.33412857374132376,0.2633044984747574,0.4025669277839189,0.4025669277839189,273,60
Fold 3,1.0,1339,2025-05-03 13:00:00,75,77,A,A,0.1804282427298313,0.24997013693202336,0.5696016203381453,0.5696016203381453,273,60
Fold 3,1.0,969,2025-05-03 13:30:00,44,47,D,H,0.3882469632720299,0.2750633755319906,0.3366896611959795,0.3882469632720299,273,60
Fold 3,1.0,970,2025-05-03 13:30:00,52,40,D,A,0.1894558202534373,0.23398391722024545,0.5765602625263173,0.5765602625263173,273,60
Fold 3,1.0,971,2025-05-03 13:30:00,55,43,D,A,0.17790032679859225,0.3452828074410993,0.4768168657603085,0.4768168657603085,273,60
Fold 3,1.0,972,2025-05-03 13:30:00,56,51,A,A,0.36541428806623416,0.25876335255763716,0.3758223593761286,0.3758223593761286,273,60
Fold 3,1.0,651,2025-05-03 14:00:00,9,18,D,H,0.4422835794772804,0.31291684449559787,0.24479957602712177,0.4422835794772804,273,60
Fold 3,1.0,652,2025-05-03 14:00:00,10,7,H,A,0.2916356828890769,0.28909601588939937,0.41926830122152364,0.41926830122152364,273,60
Fold 3,1.0,1709,2025-05-03 14:15:00,83,96,H,H,0.5799949529423449,0.23497784391166646,0.18502720314598856,0.5799949529423449,273,60
Fold 3,1.0,281,2025-05-03 15:00:00,32,28,H,A,0.22475400465647938,0.29070372423845153,0.48454227110506914,0.48454227110506914,273,60
Fold 3,1.0,1340,2025-05-03 16:00:00,76,62,A,A,0.14071050238302182,0.22789040720695578,0.6313990904100225,0.6313990904100225,273,60
Fold 3,1.0,653,2025-05-03 16:30:00,8,3,A,H,0.6065065393824927,0.25897516310937907,0.13451829750812827,0.6065065393824927,273,60
Fold 3,1.0,973,2025-05-03 16:30:00,46,42,H,H,0.677941947145183,0.1670904171417626,0.15496763571305444,0.677941947145183,273,60
Fold 3,1.0,1710,2025-05-03 16:30:00,84,82,A,A,0.22037582818387944,0.20162651322756892,0.5779976585885517,0.5779976585885517,273,60
Fold 3,1.0,282,2025-05-03 17:00:00,33,31,H,A,0.21883271012254887,0.1799135399465548,0.6012537499308964,0.6012537499308964,273,60
Fold 3,1.0,1341,2025-05-03 18:45:00,72,71,H,H,0.7678616194397562,0.10809664245785751,0.1240417381023863,0.7678616194397562,273,60
Fold 3,1.0,1711,2025-05-03 19:00:00,95,79,A,A,0.14061163930980802,0.19581436301058217,0.6635739976796098,0.6635739976796098,273,60
Fold 3,1.0,283,2025-05-03 19:05:00,39,29,A,A,0.16254952881316015,0.1693604702271585,0.6680900009596814,0.6680900009596814,273,60
Fold 3,1.0,1342,2025-05-04 10:30:00,73,59,A,A,0.11267688240216495,0.2096556546999757,0.6776674628978594,0.6776674628978594,273,60
Fold 3,1.0,1712,2025-05-04 12:00:00,89,87,H,H,0.5427655788860002,0.21197629254693812,0.2452581285670617,0.5427655788860002,273,60
Fold 3,1.0,284,2025-05-04 13:00:00,26,21,A,H,0.393903030970806,0.30014105574494326,0.3059559132842508,0.393903030970806,273,60
Fold 3,1.0,654,2025-05-04 13:00:00,12,11,D,A,0.3147536823539711,0.23141152554527414,0.4538347921007548,0.4538347921007548,273,60
Fold 3,1.0,655,2025-05-04 13:00:00,15,2,D,H,0.3892109361959094,0.23381667006501677,0.37697239373907376,0.3892109361959094,273,60
Fold 3,1.0,656,2025-05-04 13:00:00,17,1,H,H,0.42248609948940397,0.29729116769463837,0.2802227328159578,0.42248609948940397,273,60
Fold 3,1.0,1343,2025-05-04 13:00:00,78,67,A,A,0.2215318431672301,0.3188552814010426,0.4596128754317272,0.4596128754317272,273,60
Fold 3,1.0,974,2025-05-04 13:30:00,50,57,A,H,0.4720232675195613,0.30474306021216196,0.22323367226827662,0.4720232675195613,273,60
Fold 3,1.0,1713,2025-05-04 14:15:00,85,86,D,H,0.4481218282804768,0.339556360607893,0.2123218111116301,0.4481218282804768,273,60
Fold 3,1.0,285,2025-05-04 15:15:00,23,38,A,H,0.4340872445178459,0.3373922406320745,0.22852051485007957,0.4340872445178459,273,60
Fold 3,1.0,286,2025-05-04 15:15:00,34,25,H,H,0.5780831981942975,0.2683924604142393,0.15352434139146312,0.5780831981942975,273,60
Fold 3,1.0,287,2025-05-04 15:15:00,35,36,A,H,0.499850880841642,0.22464571362814248,0.2755034055302156,0.499850880841642,273,60
Fold 3,1.0,657,2025-05-04 15:30:00,13,6,H,A,0.3065205786601271,0.25268673470952124,0.4407926866303517,0.4407926866303517,273,60
Fold 3,1.0,975,2025-05-04 15:30:00,41,48,D,A,0.21094295172140948,0.34270123732996266,0.44635581094862775,0.44635581094862775,273,60
Fold 3,1.0,1344,2025-05-04 16:00:00,66,69,H,H,0.5873150509798591,0.30526048571449366,0.10742446330564714,0.5873150509798591,273,60
Fold 3,1.0,1714,2025-05-04 16:30:00,88,91,A,A,0.24854058995795397,0.2203415101222241,0.5311178999198218,0.5311178999198218,273,60
Fold 3,1.0,976,2025-05-04 17:30:00,45,49,D,A,0.3272846009897054,0.311675112146802,0.36104028686349254,0.36104028686349254,273,60
Fold 3,1.0,288,2025-05-04 18:45:00,22,24,D,H,0.4219237849737095,0.2745567452027733,0.3035194698235171,0.4219237849737095,273,60
Fold 3,1.0,1345,2025-05-04 18:45:00,68,65,D,D,0.38787868333560643,0.38826143130962704,0.22385988535476656,0.38826143130962704,273,60
Fold 3,1.0,1715,2025-05-04 19:00:00,94,81,D,A,0.24124304651777262,0.1827840643792916,0.5759728891029358,0.5759728891029358,273,60
Fold 3,1.0,1346,2025-05-05 18:45:00,64,60,A,A,0.25693230826151503,0.24844973298872466,0.4946179587497603,0.4946179587497603,273,60
Fold 3,1.0,658,2025-05-05 19:00:00,16,19,D,H,0.3862215606402529,0.3023363515657718,0.31144208779397525,0.3862215606402529,273,60
Fold 3,1.0,1716,2025-05-05 19:00:00,93,98,H,H,0.4421685060297281,0.20083964954468334,0.35699184442558857,0.4421685060297281,273,60
Fold 3,1.0,977,2025-05-09 18:30:00,42,47,D,A,0.30086587001575293,0.278784307291347,0.4203498226929,0.4203498226929,273,60
Fold 3,1.0,1347,2025-05-09 18:45:00,60,68,H,A,0.3434463414784288,0.3052477379398724,0.35130592058169885,0.35130592058169885,273,60
Fold 3,1.0,1717,2025-05-09 19:00:00,84,97,A,A,0.36310942357861514,0.21282451940851452,0.42406605701287026,0.42406605701287026,273,60
Fold 3,1.0,1718,2025-05-10 12:00:00,82,92,H,H,0.5684866367079796,0.2693066541071907,0.1622067091848298,0.5684866367079796,273,60
Fold 3,1.0,1348,2025-05-10 13:00:00,77,61,H,H,0.7049901870442576,0.18259256063302456,0.11241725232271771,0.7049901870442576,273,60
Fold 3,1.0,978,2025-05-10 13:30:00,43,52,D,H,0.49361327084267326,0.22156197371482128,0.2848247554425055,0.49361327084267326,273,60
Fold 3,1.0,979,2025-05-10 13:30:00,53,45,A,A,0.2702200738555873,0.23503911104372474,0.494740815100688,0.494740815100688,273,60
Fold 3,1.0,980,2025-05-10 13:30:00,55,54,A,A,0.33046628106867537,0.3071537259494827,0.36237999298184187,0.36237999298184187,273,60
Fold 3,1.0,981,2025-05-10 13:30:00,57,41,A,A,0.27747121579683637,0.28091902061045615,0.4416097635927075,0.4416097635927075,273,60
Fold 3,1.0,659,2025-05-10 14:00:00,4,9,A,H,0.5162453787795216,0.24510531728869334,0.23864930393178516,0.5162453787795216,273,60
Fold 3,1.0,660,2025-05-10 14:00:00,5,15,A,H,0.47426154252242575,0.28927631957618866,0.23646213790138557,0.47426154252242575,273,60
Fold 3,1.0,661,2025-05-10 14:00:00,7,14,D,A,0.12889341208216554,0.15271637658306933,0.7183902113347651,0.7183902113347651,273,60
Fold 3,1.0,662,2025-05-10 14:00:00,18,17,A,A,0.16973748601151203,0.20702193956761325,0.6232405744208747,0.6232405744208747,273,60
Fold 3,1.0,1719,2025-05-10 14:15:00,87,85,H,H,0.5740640249224913,0.2486716506044661,0.17726432447304255,0.5740640249224913,273,60
Fold 3,1.0,1349,2025-05-10 16:00:00,59,65,D,H,0.4272259300685143,0.2632193097070817,0.3095547602244039,0.4272259300685143,273,60
Fold 3,1.0,663,2025-05-10 16:30:00,3,20,A,A,0.24993671475483947,0.2044197834549111,0.5456435017902495,0.5456435017902495,273,60
Fold 3,1.0,982,2025-05-10 16:30:00,40,44,H,H,0.814379649395473,0.10954961159994642,0.07607073900458046,0.814379649395473,273,60
Fold 3,1.0,1720,2025-05-10 16:30:00,93,83,A,A,0.2864581001386442,0.26069400655291336,0.45284789330844255,0.45284789330844255,273,60
Fold 3,1.0,1721,2025-05-10 16:30:00,98,95,H,H,0.5668430441082463,0.27085898084937465,0.1622979750423792,0.5668430441082463,273,60
Fold 3,1.0,1350,2025-05-10 18:45:00,73,75,H,A,0.2087241659155648,0.2974875152563559,0.4937883188280792,0.4937883188280792,273,60
Fold 3,1.0,289,2025-05-10 19:00:00,21,32,H,A,0.13083529784904482,0.3056421277428968,0.5635225744080583,0.5635225744080583,273,60
Fold 3,1.0,290,2025-05-10 19:00:00,25,28,A,A,0.16195500196835913,0.14347784126130705,0.6945671567703339,0.6945671567703339,273,60
Fold 3,1.0,291,2025-05-10 19:00:00,29,23,H,A,0.33594750626703695,0.21256612522420643,0.45148636850875656,0.45148636850875656,273,60
Fold 3,1.0,292,2025-05-10 19:00:00,30,39,A,A,0.34883959729547914,0.2359550774231872,0.4152053252813337,0.4152053252813337,273,60
Fold 3,1.0,293,2025-05-10 19:00:00,31,27,H,H,0.4385536251548446,0.1978472348170226,0.3635991400281329,0.4385536251548446,273,60
Fold 3,1.0,294,2025-05-10 19:00:00,33,38,D,A,0.24804161642053857,0.1912472755470561,0.5607111080324053,0.5607111080324053,273,60
Fold 3,1.0,295,2025-05-10 19:00:00,34,22,H,H,0.4009169265012573,0.19921486044151693,0.3998682130572257,0.4009169265012573,273,60
Fold 3,1.0,296,2025-05-10 19:00:00,35,26,D,H,0.4126769473280573,0.25822234748232153,0.3291007051896211,0.4126769473280573,273,60
Fold 3,1.0,297,2025-05-10 19:00:00,36,24,A,A,0.22677191055025775,0.16312277184020138,0.6101053176095409,0.6101053176095409,273,60
Fold 3,1.0,1722,2025-05-10 19:00:00,80,94,H,H,0.5653748979957925,0.28648465788136246,0.14814044412284505,0.5653748979957925,273,60
Fold 3,1.0,1351,2025-05-11 10:30:00,63,78,A,H,0.6265793076476585,0.21321509371774366,0.1602055986345978,0.6265793076476585,273,60
Fold 3,1.0,664,2025-05-11 11:00:00,2,13,H,H,0.3895179374037167,0.2832706295655664,0.32721143303071687,0.3895179374037167,273,60
Fold 3,1.0,1723,2025-05-11 12:00:00,86,88,H,A,0.2372037509464081,0.22110227302923027,0.5416939760243615,0.5416939760243615,273,60
Fold 3,1.0,1352,2025-05-11 13:00:00,71,76,D,D,0.36872027225757753,0.41310466917397276,0.21817505856844963,0.41310466917397276,273,60
Fold 3,1.0,665,2025-05-11 13:15:00,1,12,A,H,0.46822836735023005,0.22692853479373726,0.30484309785603275,0.46822836735023005,273,60
Fold 3,1.0,666,2025-05-11 13:15:00,11,16,A,H,0.3945398213844527,0.21522058484623643,0.39023959376931094,0.3945398213844527,273,60
Fold 3,1.0,667,2025-05-11 13:15:00,19,10,D,H,0.4941217467016496,0.3393066487721479,0.16657160452620257,0.4941217467016496,273,60
Fold 3,1.0,983,2025-05-11 13:30:00,48,46,A,H,0.44099336325299,0.3495030236923329,0.20950361305467707,0.44099336325299,273,60
Fold 3,1.0,1724,2025-05-11 14:15:00,79,89,H,H,0.6463799615289856,0.17515501258111418,0.17846502588990026,0.6463799615289856,273,60
Fold 3,1.0,668,2025-05-11 15:30:00,6,8,D,H,0.5259814429841629,0.2402411120285447,0.23377744498729228,0.5259814429841629,273,60
Fold 3,1.0,984,2025-05-11 15:30:00,49,56,D,H,0.4998257978946322,0.29430943465243004,0.2058647674529376,0.4998257978946322,273,60
Fold 3,1.0,1353,2025-05-11 16:00:00,70,72,A,A,0.28425623151578927,0.2750326446493651,0.4407111238348455,0.4407111238348455,273,60
Fold 3,1.0,1725,2025-05-11 16:30:00,81,90,H,H,0.49265207144455253,0.35554623234398947,0.15180169621145786,0.49265207144455253,273,60
Fold 3,1.0,985,2025-05-11 17:30:00,51,50,H,H,0.5096118746375692,0.16561300022640624,0.32477512513602463,0.5096118746375692,273,60
Fold 3,1.0,1354,2025-05-11 18:45:00,62,64,D,H,0.617922673924237,0.25550529275561445,0.12657203332014846,0.617922673924237,273,60
Fold 3,1.0,1726,2025-05-11 19:00:00,91,96,D,H,0.6802427766388969,0.20885030311850802,0.11090692024259516,0.6802427766388969,273,60
Fold 3,1.0,1355,2025-05-12 16:30:00,74,69,H,A,0.21476363702554807,0.27830307007811866,0.5069332928963333,0.5069332928963333,273,60
Fold 3,1.0,1356,2025-05-12 18:45:00,67,66,H,A,0.23842814164600332,0.36172481261950684,0.39984704573448987,0.39984704573448987,273,60
Fold 3,1.0,1727,2025-05-13 17:00:00,95,93,A,A,0.2342456949798677,0.1590315249250508,0.6067227800950816,0.6067227800950816,273,60
Fold 3,1.0,1728,2025-05-13 18:00:00,94,87,A,A,0.21572149361738627,0.19622694513286557,0.5880515612497482,0.5880515612497482,273,60
Fold 3,1.0,1729,2025-05-13 19:30:00,85,84,H,A,0.3329050808214039,0.29511796893134784,0.3719769502472482,0.3719769502472482,273,60
Fold 3,1.0,1730,2025-05-14 17:00:00,83,86,H,H,0.5869725845546342,0.27674741063960967,0.13628000480575614,0.5869725845546342,273,60
Fold 3,1.0,1731,2025-05-14 17:00:00,90,82,H,A,0.2223500002128182,0.28973484022352114,0.4879151595636607,0.4879151595636607,273,60
Fold 3,1.0,1732,2025-05-14 19:30:00,89,98,H,H,0.7132523726523073,0.16424290421669605,0.12250472313099664,0.7132523726523073,273,60
Fold 3,1.0,1733,2025-05-15 17:00:00,96,80,H,A,0.3026984482370628,0.2523715622530805,0.44492998950985674,0.44492998950985674,273,60
Fold 3,1.0,1734,2025-05-15 17:00:00,97,91,D,A,0.30169091315069735,0.19551670417895362,0.5027923826703492,0.5027923826703492,273,60
Fold 3,1.0,1735,2025-05-15 19:30:00,88,79,A,A,0.23535001310981682,0.2697590849005313,0.49489090198965197,0.49489090198965197,273,60
Fold 3,1.0,1736,2025-05-15 19:30:00,92,81,A,A,0.2155894573004467,0.30924899427962194,0.4751615484199313,0.4751615484199313,273,60
Fold 3,1.0,669,2025-05-16 18:30:00,20,11,H,H,0.6077198239026299,0.21347530251752092,0.17880487357984917,0.6077198239026299,273,60
Fold 3,1.0,670,2025-05-16 19:15:00,13,1,H,H,0.5806340107624599,0.2560944851845857,0.16327150405295435,0.5806340107624599,273,60
Fold 3,1.0,986,2025-05-17 13:30:00,41,49,A,H,0.3732703730667975,0.3225241873011963,0.30420543963200614,0.3732703730667975,273,60
Fold 3,1.0,987,2025-05-17 13:30:00,44,42,A,H,0.4204222614994825,0.2661148863857669,0.31346285211475067,0.4204222614994825,273,60
Fold 3,1.0,988,2025-05-17 13:30:00,45,48,D,A,0.25699373642307327,0.25404487456376296,0.4889613890131639,0.4889613890131639,273,60
Fold 3,1.0,989,2025-05-17 13:30:00,46,57,H,H,0.5919606967942613,0.2565006356285169,0.1515386675772218,0.5919606967942613,273,60
Fold 3,1.0,990,2025-05-17 13:30:00,47,40,A,A,0.18231335910082455,0.1910145810210102,0.6266720598781653,0.6266720598781653,273,60
Fold 3,1.0,991,2025-05-17 13:30:00,50,55,A,A,0.32352350837526134,0.3097325147018975,0.3667439769228412,0.3667439769228412,273,60
Fold 3,1.0,992,2025-05-17 13:30:00,52,51,A,H,0.41051511312253264,0.28334194126869156,0.30614294560877586,0.41051511312253264,273,60
Fold 3,1.0,993,2025-05-17 13:30:00,54,43,A,A,0.23348558123195687,0.2657535770605402,0.5007608417075029,0.5007608417075029,273,60
Fold 3,1.0,994,2025-05-17 13:30:00,56,53,A,H,0.4275756797319734,0.31279872473792164,0.259625595530105,0.4275756797319734,273,60
Fold 3,1.0,1357,2025-05-17 18:45:00,64,67,A,A,0.19786004290702766,0.28448665779140037,0.5176532993015721,0.5176532993015721,273,60
Fold 3,1.0,298,2025-05-17 19:00:00,22,30,H,H,0.5454261066645253,0.2708017733055167,0.18377212002995805,0.5454261066645253,273,60
Fold 3,1.0,299,2025-05-17 19:00:00,23,21,H,H,0.789460005660272,0.09885018395521551,0.11168981038451235,0.789460005660272,273,60
Fold 3,1.0,300,2025-05-17 19:00:00,24,31,H,H,0.5548544209719841,0.2158753160926323,0.22927026293538358,0.5548544209719841,273,60
Fold 3,1.0,301,2025-05-17 19:00:00,26,25,H,H,0.4982078669884138,0.33946512440210524,0.16232700860948102,0.4982078669884138,273,60
Fold 3,1.0,302,2025-05-17 19:00:00,27,34,H,H,0.4296041389710982,0.26069683977605296,0.30969902125284876,0.4296041389710982,273,60
Fold 3,1.0,303,2025-05-17 19:00:00,28,35,H,H,0.8524369713932938,0.07139026864435756,0.07617275996234864,0.8524369713932938,273,60
Fold 3,1.0,304,2025-05-17 19:00:00,32,36,A,H,0.5831701600295982,0.2945953244584756,0.1222345155119262,0.5831701600295982,273,60
Fold 3,1.0,305,2025-05-17 19:00:00,38,29,H,A,0.27896551212502774,0.34801973364836025,0.37301475422661207,0.37301475422661207,273,60
Fold 3,1.0,306,2025-05-17 19:00:00,39,33,A,H,0.4095633960617963,0.2710920712980674,0.3193445326401362,0.4095633960617963,273,60
Fold 3,1.0,671,2025-05-18 11:00:00,9,7,H,H,0.5064051779680688,0.281436988379346,0.2121578336525852,0.5064051779680688,273,60
Fold 3,1.0,672,2025-05-18 13:15:00,12,19,A,H,0.406428226093895,0.30603699727674705,0.2875347766293579,0.406428226093895,273,60
Fold 3,1.0,673,2025-05-18 14:00:00,10,18,H,A,0.25473083333462204,0.3272486661629599,0.4180205005024181,0.4180205005024181,273,60
Fold 3,1.0,674,2025-05-18 14:00:00,17,4,A,H,0.45525669530962376,0.24008749415164535,0.30465581053873103,0.45525669530962376,273,60
Fold 3,1.0,675,2025-05-18 15:30:00,8,2,H,H,0.39716872758122584,0.3098446889096234,0.29298658350915063,0.39716872758122584,273,60
Fold 3,1.0,1737,2025-05-18 17:00:00,79,83,A,H,0.826303313704484,0.09396390414420318,0.07973278215131285,0.826303313704484,273,60
Fold 3,1.0,1738,2025-05-18 17:00:00,80,91,H,A,0.2985572289404602,0.23217934624371472,0.4692634248158251,0.4692634248158251,273,60
Fold 3,1.0,1739,2025-05-18 17:00:00,82,81,A,D,0.2809845157813956,0.43806834966585745,0.28094713455274684,0.43806834966585745,273,60
Fold 3,1.0,1740,2025-05-18 17:00:00,84,86,A,H,0.3959662802633165,0.3423100323719699,0.26172368736471363,0.3959662802633165,273,60
Fold 3,1.0,1741,2025-05-18 17:00:00,85,89,A,A,0.2160210703293485,0.17182449890485144,0.6121544307658,0.6121544307658,273,60
Fold 3,1.0,1742,2025-05-18 17:00:00,87,97,A,H,0.4739742527520691,0.29148256932287514,0.23454317792505566,0.4739742527520691,273,60
Fold 3,1.0,1743,2025-05-18 17:00:00,94,93,H,H,0.41058266969727747,0.21475836402819493,0.37465896627452766,0.41058266969727747,273,60
Fold 3,1.0,1744,2025-05-18 17:00:00,95,90,A,A,0.2253912048499817,0.18765594020632073,0.5869528549436976,0.5869528549436976,273,60
Fold 3,1.0,1745,2025-05-18 17:00:00,96,88,H,H,0.4173936626020968,0.2971345429338404,0.28547179446406284,0.4173936626020968,273,60
Fold 3,1.0,1746,2025-05-18 17:00:00,98,92,A,H,0.38128894977129735,0.37008736996265224,0.24862368026605047,0.38128894977129735,273,60
Fold 3,1.0,1358,2025-05-18 18:45:00,61,74,H,A,0.35054903974669943,0.2565353892584424,0.39291557099485813,0.39291557099485813,273,60
Fold 3,1.0,1359,2025-05-18 18:45:00,65,63,H,H,0.5281397053424908,0.2912312082734168,0.18062908638409247,0.5281397053424908,273,60
Fold 3,1.0,1360,2025-05-18 18:45:00,66,60,H,H,0.3872613398250642,0.31646039894404276,0.2962782612308931,0.3872613398250642,273,60
Fold 3,1.0,1361,2025-05-18 18:45:00,69,68,H,H,0.3723455215705221,0.2803028040665996,0.34735167436287834,0.3723455215705221,273,60
Fold 3,1.0,1362,2025-05-18 18:45:00,71,77,D,A,0.1557635877372945,0.2001296119626296,0.6441068003000759,0.6441068003000759,273,60
Fold 3,1.0,1363,2025-05-18 18:45:00,72,59,D,H,0.5268228724915847,0.2957179506677249,0.17745917684069043,0.5268228724915847,273,60
Fold 3,1.0,1364,2025-05-18 18:45:00,75,62,D,A,0.18456364096996927,0.2555069525347666,0.5599294064952642,0.5599294064952642,273,60
Fold 3,1.0,1365,2025-05-18 18:45:00,76,70,H,A,0.27493749088902236,0.3319890504700035,0.39307345864097415,0.39307345864097415,273,60
Fold 3,1.0,1366,2025-05-18 18:45:00,78,73,A,A,0.37034248058588387,0.25437889001437636,0.3752786293997397,0.3752786293997397,273,60
Fold 3,1.0,676,2025-05-19 19:00:00,15,6,H,A,0.2604239606426759,0.23875901642016195,0.5008170229371621,0.5008170229371621,273,60
Fold 3,1.0,677,2025-05-20 19:00:00,14,3,H,H,0.6517877917713565,0.23797661309398313,0.11023559513466034,0.6517877917713565,273,60
Fold 3,1.0,678,2025-05-20 19:00:00,16,5,H,A,0.2833586164296822,0.272846774563619,0.44379460900669876,0.44379460900669876,273,60
Fold 3,1.0,307,2025-05-21 18:00:00,37,30,D,A,0.2669421307599218,0.3432531627656833,0.3898047064743949,0.3898047064743949,273,60
Fold 3,1.0,995,2025-05-22 18:30:00,54,58,D,D,0.36317927352962986,0.36449232781646707,0.27232839865390307,0.36449232781646707,273,60
Fold 3,1.0,1367,2025-05-23 18:45:00,62,61,H,H,0.7126541253733031,0.1866082534712291,0.1007376211554678,0.7126541253733031,273,60
Fold 3,1.0,1368,2025-05-23 18:45:00,77,72,A,H,0.4462757357314062,0.2774887481474277,0.27623551612116615,0.4462757357314062,273,60
Fold 3,1.0,1747,2025-05-23 19:00:00,91,82,D,H,0.4828271906320629,0.2804673245271128,0.23670548484082435,0.4828271906320629,273,60
Fold 3,1.0,1748,2025-05-24 14:15:00,89,94,H,H,0.7698877569080501,0.14794176872883766,0.08217047436311235,0.7698877569080501,273,60
Fold 3,1.0,1369,2025-05-24 16:00:00,68,64,A,H,0.6670666620217859,0.19585839671701868,0.1370749412611954,0.6670666620217859,273,60
Fold 3,1.0,1749,2025-05-24 16:30:00,86,95,H,H,0.5321405690181037,0.26931613081666655,0.19854330016522978,0.5321405690181037,273,60
Fold 3,1.0,1750,2025-05-24 16:30:00,88,84,H,H,0.4760530738512299,0.2874116326012792,0.23653529354749087,0.4760530738512299,273,60
Fold 3,1.0,1370,2025-05-24 18:45:00,60,78,H,H,0.6131434632852298,0.2744051518962004,0.11245138481856974,0.6131434632852298,273,60
Fold 3,1.0,1751,2025-05-24 19:00:00,90,96,D,A,0.3150870041059225,0.32390331115173626,0.36100968474234135,0.36100968474234135,273,60
Fold 3,1.0,1752,2025-05-24 19:00:00,92,87,A,A,0.189967207566709,0.19345189719223926,0.6165808952410518,0.6165808952410518,273,60
Fold 3,1.0,1753,2025-05-24 19:00:00,97,98,D,H,0.5624767309375307,0.21519193723055263,0.2223313318319167,0.5624767309375307,273,60
Fold 3,1.0,1754,2025-05-25 12:00:00,93,80,A,A,0.27364980708481973,0.22713232225512808,0.49921787066005224,0.49921787066005224,273,60
Fold 3,1.0,1755,2025-05-25 14:15:00,83,85,H,H,0.4041023631761288,0.4035385807075459,0.19235905611632542,0.4041023631761288,273,60
Fold 3,1.0,679,2025-05-25 15:00:00,1,20,H,A,0.26292983035140266,0.2511999632277705,0.4858702064208269,0.4858702064208269,273,60
Fold 3,1.0,680,2025-05-25 15:00:00,2,9,A,H,0.6648730664805694,0.20749595289721903,0.12763098062221157,0.6648730664805694,273,60
Fold 3,1.0,681,2025-05-25 15:00:00,3,10,H,H,0.5027963175846925,0.26881838001227926,0.22838530240302823,0.5027963175846925,273,60
Fold 3,1.0,682,2025-05-25 15:00:00,4,14,A,A,0.22683563147021585,0.3289699978164835,0.4441943707133007,0.4441943707133007,273,60
Fold 3,1.0,683,2025-05-25 15:00:00,5,17,D,H,0.5661822727273469,0.27885771311373303,0.15496001415892016,0.5661822727273469,273,60
Fold 3,1.0,684,2025-05-25 15:00:00,6,16,D,H,0.7461597941044543,0.15701316783164376,0.09682703806390192,0.7461597941044543,273,60
Fold 3,1.0,685,2025-05-25 15:00:00,7,8,A,A,0.19700071958801657,0.1913592629736663,0.6116400174383172,0.6116400174383172,273,60
Fold 3,1.0,686,2025-05-25 15:00:00,11,15,A,A,0.19916798118148513,0.1829221998922517,0.6179098189262631,0.6179098189262631,273,60
Fold 3,1.0,687,2025-05-25 15:00:00,18,12,A,A,0.18063904287398622,0.28484575882024027,0.5345151983057735,0.5345151983057735,273,60
Fold 3,1.0,688,2025-05-25 15:00:00,19,13,A,A,0.3531517204523505,0.28123094551698335,0.3656173340306661,0.3656173340306661,273,60
Fold 3,1.0,1371,2025-05-25 18:45:00,59,76,A,H,0.6429161504118651,0.19106408752386708,0.16601976206426777,0.6429161504118651,273,60
Fold 3,1.0,1372,2025-05-25 18:45:00,63,69,A,A,0.29312474507059855,0.21489226984101675,0.4919829850883848,0.4919829850883848,273,60
Fold 3,1.0,1373,2025-05-25 18:45:00,67,75,A,H,0.6277219763314495,0.2251284617429666,0.14714956192558384,0.6277219763314495,273,60
Fold 3,1.0,1374,2025-05-25 18:45:00,70,66,A,A,0.20004313901679444,0.2688942351933516,0.5310626257898539,0.5310626257898539,273,60
Fold 3,1.0,1375,2025-05-25 18:45:00,73,71,A,D,0.30133372776587614,0.43782983595215574,0.2608364362819681,0.43782983595215574,273,60
Fold 3,1.0,1376,2025-05-25 18:45:00,74,65,A,A,0.25898627436281757,0.2646049754003159,0.4764087502368667,0.4764087502368667,273,60
Fold 3,1.0,1756,2025-05-25 19:00:00,81,79,A,A,0.2626807143064008,0.28543687155381786,0.4518824141397814,0.4518824141397814,273,60
Fold 3,1.0,996,2025-05-26 18:30:00,58,54,A,H,0.3784030613088134,0.2552670851797886,0.366329853511398,0.3784030613088134,273,60
Fold 3,1.0,308,2025-05-29 18:30:00,30,37,A,H,0.4477069153711423,0.30249854433100853,0.2497945402978492,0.4477069153711423,273,60
Fold 3,1.0,3129,2026-08-15 17:30:00,90,92,H,D,0.35537061415467275,0.37557059848949564,0.26905878735583166,0.37557059848949564,273,60
Fold 3,1.0,3130,2026-08-15 19:30:00,85,97,H,A,0.2955288747537165,0.18925929795222757,0.515211827294056,0.515211827294056,273,60
Fold 3,1.0,3131,2026-08-16 15:00:00,117,83,D,A,0.2718774508834757,0.25377924540076713,0.4743433037157572,0.4743433037157572,273,60
Fold 3,1.0,3132,2026-08-16 17:00:00,88,114,H,H,0.39577240428166777,0.375716991172419,0.2285106045459132,0.39577240428166777,273,60
