target,total_matches,available_matches,missing_matches,fill_rate,min,max,mean,median,std,status
goals,3762,3762,0,1.0,0.0,10.0,2.812068048910154,3.0,1.6689711002659275,CANDIDATE
btts,3762,3762,0,1.0,0.0,1.0,0.5478468899521531,1.0,0.4977715722134589,CANDIDATE
corners,3762,3627,135,0.9641148325358851,1.0,28.0,9.60159911772815,9.0,3.4133878209475954,CANDIDATE
yellow_cards,3762,3521,241,0.9359383306751727,1.0,15.0,4.084635046861687,4.0,2.0007653901946907,CANDIDATE
shots,3762,3627,135,0.9641148325358851,8.0,54.0,25.264405845051005,25.0,5.965783914541465,CANDIDATE
shots_on_target,3762,3627,135,0.9641148325358851,0.0,20.0,8.722084367245657,9.0,3.1083513401083094,CANDIDATE
offsides,3762,3434,328,0.9128123338649654,1.0,14.0,3.5864880605707627,3.0,1.9735221563797218,CANDIDATE
fouls,3762,3627,135,0.9641148325358851,6.0,47.0,23.527433140336367,23.0,5.763255911287445,CANDIDATE
throw_ins,3762,0,3762,0.0,,,,,,INSUFFICIENT_DATA
