target,source_report,status,report_feature_count,model_file,model_file_exists,loaded_feature_count,loaded_target,loaded_status,final_check
goals_total,v12_goals_models.csv,READY,79,data\models\v12_goals_total_poisson.joblib,True,79,goals_total,READY,PASS
goals_home,v12_goals_models.csv,READY,79,data\models\v12_goals_home_poisson.joblib,True,79,goals_home,READY,PASS
goals_away,v12_goals_models.csv,READY,79,data\models\v12_goals_away_poisson.joblib,True,79,goals_away,READY,PASS
goals_1h_total,v12_goals_models.csv,READY,79,data\models\v12_goals_1h_total_poisson.joblib,True,79,goals_1h_total,READY,PASS
goals_1h_home,v12_goals_models.csv,READY,79,data\models\v12_goals_1h_home_poisson.joblib,True,79,goals_1h_home,READY,PASS
goals_1h_away,v12_goals_models.csv,READY,79,data\models\v12_goals_1h_away_poisson.joblib,True,79,goals_1h_away,READY,PASS
goals_2h_total,v12_goals_models.csv,READY,79,data\models\v12_goals_2h_total_poisson.joblib,True,79,goals_2h_total,READY,PASS
goals_2h_home,v12_goals_models.csv,READY,79,data\models\v12_goals_2h_home_poisson.joblib,True,79,goals_2h_home,READY,PASS
goals_2h_away,v12_goals_models.csv,READY,79,data\models\v12_goals_2h_away_poisson.joblib,True,79,goals_2h_away,READY,PASS
corners_total,v12_corners_catboost.csv,READY,79,data\models\v12_corners_total_catboost.joblib,True,79,corners_total,READY,PASS
corners_home,v12_corners_catboost.csv,READY,79,data\models\v12_corners_home_catboost.joblib,True,79,corners_home,READY,PASS
corners_away,v12_corners_catboost.csv,READY,79,data\models\v12_corners_away_catboost.joblib,True,79,corners_away,READY,PASS
yellow_cards_total,v12_yellow_cards_models.csv,READY,79,data\models\v12_yellow_cards_total_catboost.joblib,True,79,yellow_cards_total,READY,PASS
yellow_cards_home,v12_yellow_cards_models.csv,READY,79,data\models\v12_yellow_cards_home_catboost.joblib,True,79,yellow_cards_home,READY,PASS
yellow_cards_away,v12_yellow_cards_models.csv,READY,79,data\models\v12_yellow_cards_away_catboost.joblib,True,79,yellow_cards_away,READY,PASS
shots_total,v12_shots_models.csv,READY,79,data\models\v12_shots_total_catboost.joblib,True,79,shots_total,READY,PASS
shots_home,v12_shots_models.csv,READY,79,data\models\v12_shots_home_catboost.joblib,True,79,shots_home,READY,PASS
shots_away,v12_shots_models.csv,READY,79,data\models\v12_shots_away_catboost.joblib,True,79,shots_away,READY,PASS
shots_on_target_total,v12_shots_on_target_models.csv,READY,79,data\models\v12_shots_on_target_total_catboost.joblib,True,79,shots_on_target_total,READY,PASS
shots_on_target_home,v12_shots_on_target_models.csv,READY,79,data\models\v12_shots_on_target_home_catboost.joblib,True,79,shots_on_target_home,READY,PASS
shots_on_target_away,v12_shots_on_target_models.csv,READY,79,data\models\v12_shots_on_target_away_catboost.joblib,True,79,shots_on_target_away,READY,PASS
offsides_total,v12_offsides_models.csv,READY,79,data\models\v12_offsides_total_catboost.joblib,True,79,offsides_total,READY,PASS
offsides_home,v12_offsides_models.csv,READY,79,data\models\v12_offsides_home_catboost.joblib,True,79,offsides_home,READY,PASS
offsides_away,v12_offsides_models.csv,READY,79,data\models\v12_offsides_away_catboost.joblib,True,79,offsides_away,READY,PASS
fouls_total,v12_fouls_models.csv,READY,79,data\models\v12_fouls_total_catboost.joblib,True,79,fouls_total,READY,PASS
fouls_home,v12_fouls_models.csv,READY,79,data\models\v12_fouls_home_catboost.joblib,True,79,fouls_home,READY,PASS
fouls_away,v12_fouls_models.csv,READY,79,data\models\v12_fouls_away_catboost.joblib,True,79,fouls_away,READY,PASS
catboost_v2,v12_btts_v2.csv,WORSE_THAN_BASELINE,79,,False,,,,PASS
throw_ins,v12_targets_audit.csv,INSUFFICIENT_DATA,,,False,,,,PASS
