target,description,type,train_matches,test_matches,baseline_mean,mae,rmse,accuracy,precision,recall,f1,logloss,brier
goals_total,Goals — Total,regression,2645,588,2.7965973534971647,1.3637166775973149,1.720003368685914,,,,,,
goals_home,Goals — Home,regression,2645,588,1.5100189035916824,1.075341100523385,1.3169206022130033,,,,,,
goals_away,Goals — Away,regression,2645,588,1.286578449905482,0.9241728071190669,1.142957327905994,,,,,,
goals_1h_total,Goals — 1H Total,regression,2645,588,1.2385633270321361,0.9036617671643327,1.111627926999813,,,,,,
goals_1h_home,Goals — 1H Home,regression,2645,588,0.6767485822306238,0.719490631791469,0.8543426586559706,,,,,,
goals_1h_away,Goals — 1H Away,regression,2645,588,0.5618147448015123,0.6514589200519527,0.7480625567332359,,,,,,
goals_2h_total,Goals — 2H Total,regression,2645,588,1.5580340264650283,1.0331783753198822,1.256148807056765,,,,,,
goals_2h_home,Goals — 2H Home,regression,2645,588,0.8332703213610586,0.7250697632550185,0.940706534098559,,,,,,
goals_2h_away,Goals — 2H Away,regression,2645,588,0.7247637051039697,0.6969516350963826,0.8513901189610678,,,,,,
corner_kicks_total,Corners — Total,regression,2511,587,9.572680207088808,2.9035643509274696,3.614868632721204,,,,,,
home_corner_kicks,Corners — Home,regression,2511,587,5.230585424133811,2.4465815488511535,3.1941964720226528,,,,,,
away_corner_kicks,Corners — Away,regression,2511,587,4.342094782954998,2.0209348033897867,2.5231876144177616,,,,,,
yellow_cards_total,Yellow Cards — Total,regression,2433,569,4.1574188244965065,1.5682361090945602,1.9638611433748807,,,,,,
home_yellow_cards,Yellow Cards — Home,regression,2433,569,1.9379367036580353,0.9800610671803994,1.2771690347492688,,,,,,
away_yellow_cards,Yellow Cards — Away,regression,2433,569,2.219482120838471,1.0944634301205525,1.347754492410703,,,,,,
total_shots_total,Shots — Total,regression,2511,587,24.923934687375546,5.397132345109118,6.972047135691191,,,,,,
home_total_shots,Shots — Home,regression,2511,587,13.577459179609717,4.502292129281926,5.931889214864185,,,,,,
away_total_shots,Shots — Away,regression,2511,587,11.346475507765831,4.087889945229068,5.30725577659752,,,,,,
shots_on_goal_total,Shots on Target — Total,regression,2511,587,8.63241736360016,2.685806980800661,3.3164522034262567,,,,,,
home_shots_on_goal,Shots on Target — Home,regression,2511,587,4.682596575069693,2.106563488622802,2.6336800612894815,,,,,,
away_shots_on_goal,Shots on Target — Away,regression,2511,587,3.949820788530466,1.853089337070213,2.3323876336102067,,,,,,
offsides_total,Offsides — Total,regression,2373,561,3.566371681415929,1.574132790686669,2.0062527816784494,,,,,,
home_offsides,Offsides — Home,regression,2373,561,1.8706278971765697,1.2502214079517566,1.634880214280094,,,,,,
away_offsides,Offsides — Away,regression,2373,561,1.6957437842393595,1.0891303155748755,1.398762881046829,,,,,,
fouls_total,Fouls — Total,regression,2511,587,23.709279171644763,4.691986265542346,5.839005302237273,,,,,,
home_fouls,Fouls — Home,regression,2511,587,11.665870171246516,3.081678095086899,3.7730245433233547,,,,,,
away_fouls,Fouls — Away,regression,2511,587,12.043409000398247,3.148121010314412,3.982952613818891,,,,,,
btts,BTTS,classification,2645,588,0.5429111531190927,,,0.564625850340136,0.564625850340136,1.0,0.7217391304347827,0.6857235098922311,0.24629502754321594
