target,train_matches,test_matches,baseline_mean,baseline_mae,baseline_rmse,model_mae,model_rmse,mae_improvement,rmse_improvement,status,feature_count
goals_total,2645,588,2.7965973534971647,1.3637166775973149,1.720003368685914,1.3353133522873764,1.6736411605174737,0.0284033253099385,0.04636220816844028,READY,79
goals_home,2645,588,1.5100189035916824,1.075341100523385,1.316920602213003,0.9963505425782426,1.2316159506597206,0.07899055794514243,0.08530465155328248,READY,79
goals_away,2645,588,1.286578449905482,0.9241728071190669,1.142957327905994,0.8757717114509125,1.1070680853375494,0.048401095668154426,0.0358892425684445,READY,79
goals_1h_total,2645,588,1.2385633270321361,0.9036617671643327,1.111627926999813,0.8898058105567185,1.1036121556873135,0.013855956607614184,0.008015771312499531,READY,79
goals_1h_home,2645,588,0.6767485822306238,0.719490631791469,0.8543426586559706,0.6826760361837915,0.8273074719154986,0.036814595607677525,0.027035186740472006,READY,79
goals_1h_away,2645,588,0.5618147448015123,0.6514589200519527,0.7480625567332359,0.6352136744647868,0.7406438881129908,0.01624524558716589,0.007418668620245095,READY,79
goals_2h_total,2645,588,1.5580340264650283,1.0331783753198822,1.256148807056765,1.011733048791152,1.2399876778267918,0.021445326528730213,0.01616112922997326,READY,79
goals_2h_home,2645,588,0.8332703213610586,0.7250697632550185,0.940706534098559,0.7098884720137962,0.9110801494441754,0.01518129124122225,0.02962638465438361,READY,79
goals_2h_away,2645,588,0.7247637051039697,0.6969516350963826,0.8513901189610678,0.6808011810171058,0.8358122582861452,0.016150454079276733,0.015577860674922506,READY,79
