fold,fixture_id,actual,cat_prediction,cat_p_home,cat_p_draw,cat_p_away,hybrid_prediction,hybrid_p_home,hybrid_p_draw,hybrid_p_away,cat_correct,hybrid_correct,changed
Fold 1,543,H,A,0.3420183435981825,0.2505697969117125,0.407411859490105,A,0.3523783247322343,0.247479631068457,0.4001420441993086,False,False,False
Fold 1,866,D,A,0.3090578188343684,0.2916911367703055,0.3992510443953261,A,0.311028427085831,0.2810732893080787,0.4078982836060903,False,False,False
Fold 1,1590,H,H,0.5756335979026184,0.2482598968542657,0.1761065052431158,H,0.5678236617551174,0.2427119680385993,0.1894643702062832,True,True,False
Fold 1,174,H,H,0.5786721712307734,0.2112523623224838,0.2100754664467428,H,0.5542494508615143,0.2168118824461786,0.2289386666923071,True,True,False
Fold 1,1219,H,H,0.4047814854101482,0.3244771329566925,0.2707413816331592,H,0.42052219395956,0.3014382713522492,0.2780395346881908,True,True,False
Fold 1,1591,H,A,0.2274686274640258,0.2437314500707598,0.5287999224652142,A,0.2110005323217713,0.2365586024211975,0.5524408652570312,False,False,False
Fold 1,175,H,H,0.6022388477289616,0.2283877660823102,0.1693733861887282,H,0.5804176406799278,0.2330348473518918,0.1865475119681802,True,True,False
Fold 1,1220,H,H,0.624344768426376,0.2065275879992281,0.1691276435743958,H,0.5806434772341258,0.2189971258943554,0.2003593968715188,True,True,False
Fold 1,1592,H,H,0.6291480018503022,0.1981752691534117,0.172676728996286,H,0.6174933376650754,0.2009262024308798,0.1815804599040448,True,True,False
Fold 1,176,D,A,0.3551454643232059,0.2676345701562912,0.3772199655205029,A,0.3404709311496701,0.2639881041676122,0.3955409646827177,False,False,False
Fold 1,544,A,H,0.4461939633081239,0.2491538944592229,0.3046521422326531,H,0.405612549776653,0.2532982703922533,0.3410891798310936,False,False,False
Fold 1,545,A,H,0.4082291038940918,0.2957572050538887,0.2960136910520193,H,0.4005176313721552,0.2774165338176291,0.3220658348102157,False,False,False
Fold 1,1221,H,H,0.5070185786921756,0.255188081072401,0.2377933402354233,H,0.4953662181651512,0.2565440311538304,0.2480897506810182,True,True,False
Fold 1,867,D,H,0.4849840446573796,0.241882668202344,0.2731332871402762,H,0.4549853000887905,0.2418912030309989,0.3031234968802105,False,False,False
Fold 1,1593,H,A,0.3297097755664421,0.2553445700245595,0.4149456544089982,A,0.3393770185404228,0.2520065354780012,0.408616445981576,False,False,False
Fold 1,177,D,H,0.4997624369430257,0.2635955001506559,0.2366420629063183,H,0.4987695685472215,0.2594234871484944,0.2418069443042841,False,False,False
Fold 1,178,A,H,0.4692802546730335,0.2692576735436275,0.2614620717833389,H,0.4619490193754713,0.2649920206129585,0.27305896001157,False,False,False
Fold 1,179,H,H,0.4216779670541515,0.252128511142648,0.3261935218032005,H,0.3924196903084326,0.250842458151121,0.3567378515404464,True,True,False
Fold 1,546,H,A,0.305631077929287,0.3439917893275135,0.3503771327431992,A,0.3066969094621119,0.3216608279337655,0.3716422626041225,False,False,False
Fold 1,868,H,H,0.6674126162209406,0.1972558700337807,0.1353315137452787,H,0.6549029040406493,0.1970130938914393,0.1480840020679114,True,True,False
Fold 1,1222,D,A,0.260095235720288,0.2910228761020851,0.4488818881776268,A,0.2319217731661257,0.2683247688816004,0.4997534579522738,False,False,False
Fold 1,1594,H,A,0.3202649535213464,0.2795116319108703,0.4002234145677834,A,0.3412875213832969,0.2739034678998378,0.3848090107168653,False,False,False
Fold 1,180,H,H,0.4441154937315476,0.3018367519602957,0.2540477543081565,H,0.4526549675296491,0.2806063527441511,0.2667386797261998,True,True,False
Fold 1,1223,D,H,0.3940161415905294,0.2427409635168521,0.3632428948926185,A,0.3575908071289909,0.2425816827269382,0.3998275101440709,False,False,True
Fold 1,1595,D,H,0.4297243748888066,0.2507762349088797,0.3194993902023136,H,0.3848301543514418,0.2488441898721562,0.3663256557764019,False,False,False
Fold 1,1224,A,A,0.3176326732478456,0.2765890346866494,0.4057782920655047,A,0.3178459351958582,0.2659356512881947,0.4162184135159471,True,True,False
Fold 1,547,H,H,0.5858137758473061,0.2484855055307939,0.1657007186218999,H,0.5746932911859776,0.241970282028577,0.1833364267854455,True,True,False
Fold 1,1596,H,H,0.3816335032514781,0.3084225280816917,0.3099439686668302,H,0.3984648982625662,0.2872818790250977,0.3142532227123361,True,True,False
Fold 1,1225,H,A,0.2399821225113159,0.2807553141872568,0.4792625633014271,A,0.2306775420051743,0.2647097133527166,0.5046127446421091,False,False,False
Fold 1,181,A,H,0.3780478138507326,0.2669967049134042,0.354955481235863,H,0.3761265246974551,0.2633886734880034,0.3604848018145415,False,False,False
Fold 1,869,H,H,0.6517784103120178,0.2036171383485461,0.1446044513394361,H,0.6515555870307769,0.1972564964581108,0.1511879165111123,True,True,False
Fold 1,1226,A,A,0.2850377894912948,0.3137413891475112,0.4012208213611939,A,0.2948333808447242,0.2933285337512628,0.411838085404013,True,True,False
Fold 1,1597,H,H,0.5832055026380683,0.2417859777083733,0.1750085196535583,H,0.5823513609673102,0.236034902531706,0.1816137365009838,True,True,False
Fold 1,182,H,H,0.496067345985468,0.294632377852842,0.20930027616169,H,0.5014823122055974,0.277445217451711,0.2210724703426917,True,True,False
Fold 1,1598,H,H,0.4372451703874689,0.2896279964631508,0.2731268331493801,H,0.4259632565298556,0.2781672695521078,0.2958694739180366,True,True,False
Fold 1,1227,A,A,0.2146373200407556,0.2230715185882093,0.562291161371035,A,0.2165138664048817,0.2201147667346072,0.5633713668605109,True,True,False
Fold 1,870,H,H,0.5442230388661096,0.253648185899695,0.2021287752341954,H,0.5093208449146596,0.2473127329356401,0.2433664221497004,True,True,False
Fold 1,871,D,A,0.2498368340014302,0.2590255603492215,0.4911376056493484,A,0.2663309785422396,0.2473870950046429,0.4862819264531174,False,False,False
Fold 1,872,D,H,0.4044432744992702,0.2971349739618215,0.2984217515389081,H,0.4126800445361224,0.283147851511237,0.3041721039526406,False,False,False
Fold 1,873,A,H,0.4084604938856372,0.2700855648963891,0.3214539412179737,H,0.403215891255462,0.2605220063210696,0.3362621024234684,False,False,False
Fold 1,874,A,H,0.4965677114286408,0.2225859618471321,0.280846326724227,H,0.4946834129471989,0.2234543498354921,0.281862237217309,False,False,False
Fold 1,1599,H,H,0.4011001152104498,0.2950443267904173,0.3038555579991329,H,0.4006224536268668,0.2864994692252841,0.3128780771478491,True,True,False
Fold 1,183,H,A,0.3163519708999028,0.2846872744367986,0.3989607546632984,A,0.3396204394611103,0.2733440850949618,0.3870354754439279,False,False,False
Fold 1,1228,A,A,0.2544003534524968,0.2342943173519881,0.5113053291955151,A,0.2631276193488038,0.2373059726497659,0.4995664080014302,True,True,False
Fold 1,875,D,H,0.4183390012661229,0.2752161089566869,0.3064448897771902,H,0.3753051570306713,0.261589089241994,0.3631057537273345,False,False,False
Fold 1,1600,A,H,0.4230144355011349,0.2619192750907479,0.3150662894081171,H,0.3784901672319342,0.2563947531823142,0.3651150795857515,False,False,False
Fold 1,184,A,H,0.6461367586549654,0.2102033427721749,0.1436598985728595,H,0.6160785048416892,0.2186152354731326,0.165306259685178,False,False,False
Fold 1,1229,D,H,0.4559589625019169,0.2587597122400544,0.2852813252580286,H,0.4352168173985038,0.265518440525913,0.2992647420755832,False,False,False
Fold 1,1601,D,H,0.4749340081843151,0.2758423402919837,0.2492236515237013,H,0.4597566298700373,0.263442685794349,0.2768006843356138,False,False,False
Fold 1,185,A,A,0.3529419486972192,0.2664872271305182,0.3805708241722625,A,0.3541531923374432,0.262416921606542,0.3834298860560148,True,True,False
Fold 1,1230,A,A,0.2633968201247967,0.2345787207456736,0.5020244591295296,A,0.2721872686791383,0.2402330746245725,0.487579656696289,True,True,False
Fold 1,1602,A,H,0.3688540875514605,0.2994756428765673,0.3316702695719722,H,0.360583903500915,0.2908770272928124,0.3485390692062725,False,False,False
Fold 1,186,H,H,0.5636437390529376,0.2371734004514042,0.199182860495658,H,0.5293235629535805,0.2438163364621734,0.226860100584246,True,True,False
Fold 1,1231,H,H,0.6015726945481159,0.2301678319817798,0.1682594734701043,H,0.5733418180979996,0.2324839158661759,0.1941742660358245,True,True,False
Fold 1,1232,H,H,0.4505880060912419,0.2749138168523671,0.2744981770563909,H,0.4483219841072591,0.2654793145911362,0.2861987013016047,True,True,False
Fold 1,876,D,A,0.3693391541146996,0.2505741876954582,0.3800866581898421,H,0.4088219207469126,0.2428443444609475,0.3483337347921398,False,False,True
Fold 1,1603,H,A,0.3606301288068639,0.2571051935574198,0.3822646776357162,A,0.3666193085381255,0.2594024153201748,0.3739782761416996,False,False,False
Fold 1,187,H,H,0.5004442574452619,0.2563544152803743,0.2432013272743637,H,0.505535523787247,0.252829927572223,0.2416345486405301,True,True,False
Fold 1,188,D,A,0.3302931560655648,0.2542318587884472,0.4154749851459879,A,0.3532894083087894,0.256282233559416,0.3904283581317946,False,False,False
Fold 1,877,H,H,0.4551442072485052,0.2640214690235806,0.280834323727914,H,0.4427261294954901,0.2582179326694293,0.2990559378350806,True,True,False
Fold 1,1233,D,A,0.2407281023217572,0.2687913827327476,0.490480514945495,A,0.2416700865016666,0.2600877104660568,0.4982422030322767,False,False,False
Fold 1,1604,H,H,0.5551095464719978,0.2290963519675315,0.2157941015604706,H,0.5164608759996893,0.2407717201226691,0.2427674038776415,True,True,False
Fold 1,189,A,A,0.2293413723099883,0.2392258309238732,0.5314327967661385,A,0.2349893563767471,0.2392684441872298,0.525742199436023,True,True,False
Fold 1,1234,D,H,0.4108539549990102,0.3020916815283809,0.2870543634726089,H,0.4313997464165371,0.289049493647893,0.2795507599355698,False,False,False
Fold 1,1605,A,A,0.2537117946688134,0.2911449473445714,0.4551432579866152,A,0.2371527575185107,0.2660195271284243,0.4968277153530648,True,True,False
Fold 1,1235,H,H,0.6307472383204535,0.2166508951498348,0.1526018665297116,H,0.5831057084402942,0.2207574690988049,0.1961368224609009,True,True,False
Fold 1,1606,D,H,0.4494553793252144,0.2850977177549705,0.265446902919815,H,0.4280689463558397,0.2759092847301727,0.2960217689139875,False,False,False
Fold 1,548,D,A,0.2432432778397322,0.2535499592088229,0.503206762951445,A,0.2249836812386265,0.2431751034861697,0.5318412152752038,False,False,False
Fold 1,878,D,A,0.3361403076488692,0.2931617179758317,0.3706979743752991,A,0.3268714057242242,0.2802055006622715,0.3929230936135042,False,False,False
Fold 1,190,D,H,0.5351583967738259,0.2428172014580158,0.2220244017681583,H,0.5143231187053872,0.238140687836508,0.2475361934581048,False,False,False
Fold 1,1236,H,H,0.5287506255068606,0.2465523006613272,0.2246970738318122,H,0.5006412551110088,0.2492965082322758,0.2500622366567154,True,True,False
Fold 1,549,H,A,0.3151065547970541,0.2977835016961367,0.3871099435068091,A,0.3168139766485622,0.281048093469777,0.4021379298816608,False,False,False
Fold 1,1607,A,H,0.4681594413843997,0.2849758078331657,0.2468647507824345,H,0.4343040004930562,0.2769911705386607,0.2887048289682829,False,False,False
Fold 1,550,A,A,0.2721616261074261,0.2441037048802623,0.4837346690123116,A,0.2370470493046808,0.2294320092260426,0.5335209414692765,True,True,False
Fold 1,1608,D,H,0.3664977701853912,0.2780843045399298,0.3554179252746788,A,0.3527732488802864,0.2713721956557726,0.3758545554639409,False,False,True
Fold 1,1237,D,H,0.6286145483156164,0.2158097055221757,0.1555757461622079,H,0.6067514215353448,0.2200583227259576,0.1731902557386976,False,False,False
Fold 1,879,A,H,0.5588131764947507,0.2435809275494752,0.1976058959557741,H,0.4976680924700447,0.2431028005724378,0.2592291069575175,False,False,False
Fold 1,880,H,A,0.2913691089027275,0.2792305668313405,0.4294003242659319,A,0.2976254805650394,0.2701445522749428,0.4322299671600177,False,False,False
Fold 1,881,A,A,0.3334913765799357,0.2623699565895124,0.4041386668305519,A,0.3330263133087582,0.2597228938686355,0.4072507928226062,True,True,False
Fold 1,882,A,H,0.3771389524984636,0.2877090688786537,0.3351519786228827,H,0.3995108641976442,0.2759951866002847,0.3244939492020709,False,False,False
Fold 1,551,H,H,0.4711621691566707,0.2288123189760881,0.3000255118672412,H,0.4196754328750705,0.2396731854532647,0.3406513816716647,True,True,False
Fold 1,552,A,A,0.3683071264446496,0.2626699125346844,0.3690229610206658,A,0.3105629377821466,0.2452275344217398,0.4442095277961135,True,True,False
Fold 1,553,A,H,0.3762900161698604,0.2723557613943488,0.3513542224357908,A,0.3500950908111217,0.2624724966808067,0.3874324125080715,False,True,True
Fold 1,554,H,H,0.5218230996979034,0.2380531859514298,0.2401237143506667,H,0.4588801472363399,0.2400219403208581,0.3010979124428019,True,True,False
Fold 1,555,D,H,0.5707557652998564,0.2477026490218742,0.1815415856782694,H,0.5466887152836649,0.249462061093611,0.203849223622724,False,False,False
Fold 1,1609,D,A,0.2307161061126804,0.2639898139930033,0.5052940798943162,A,0.2303956972280004,0.2520219564128831,0.5175823463591165,False,False,False
Fold 1,191,H,H,0.6498880603749645,0.2164556878822465,0.1336562517427889,H,0.6496541896975163,0.2086601227268432,0.1416856875756405,True,True,False
Fold 1,1238,D,H,0.3856407387271325,0.249547728716163,0.3648115325567044,A,0.3621849078746003,0.2483668928862213,0.3894481992391783,False,False,True
Fold 1,556,A,H,0.4510843905936533,0.2679598337387456,0.280955775667601,H,0.4314831337677707,0.2660928279538996,0.3024240382783297,False,False,False
Fold 1,883,D,A,0.2535937896059255,0.3273655685658654,0.4190406418282091,A,0.2695333964437389,0.2966935021814411,0.4337731013748198,False,False,False
Fold 1,1610,D,H,0.5346975884596182,0.2606744284619754,0.2046279830784062,H,0.523285419334606,0.255987196940059,0.2207273837253349,False,False,False
Fold 1,192,H,H,0.5687722021071698,0.2294469615972004,0.2017808362956297,H,0.5445341375285495,0.2292948022625551,0.2261710602088952,True,True,False
Fold 1,1239,H,H,0.6343866617780245,0.2096635946461507,0.1559497435758248,H,0.5957878959102783,0.2228136240429843,0.1813984800467374,True,True,False
Fold 1,1611,D,H,0.4679495775744802,0.2869246331803847,0.245125789245135,H,0.4869380839551117,0.2684781395408903,0.2445837765039981,False,False,False
Fold 1,193,A,A,0.2327636029972117,0.2597431781513999,0.5074932188513882,A,0.2157365321722599,0.2440117635649411,0.5402517042627989,True,True,False
Fold 1,1240,A,H,0.3622582965832718,0.2871393260176501,0.350602377399078,H,0.395568997474407,0.2774952072901047,0.3269357952354882,False,False,False
Fold 1,1612,D,A,0.293296360988049,0.2609505374707636,0.4457531015411874,A,0.283647638774619,0.2588986473201765,0.4574537139052045,False,False,False
Fold 1,194,A,A,0.2435664372282712,0.2495299546408653,0.5069036081308634,A,0.2473635632058899,0.2420460682362412,0.5105903685578688,True,True,False
Fold 1,557,H,H,0.6164374489439987,0.2263115843903482,0.157250966665653,H,0.6090136385866157,0.2186960833702093,0.172290278043175,True,True,False
Fold 1,1241,H,H,0.517688766103357,0.2510988462650582,0.2312123876315849,H,0.4883376665275876,0.2511501405357565,0.2605121929366558,True,True,False
Fold 1,1242,D,H,0.3833358718432944,0.2471152809611298,0.3695488471955758,H,0.3784350946763077,0.252118031567369,0.3694468737563233,False,False,False
Fold 1,884,A,H,0.5508613388387865,0.2521031466428565,0.1970355145183569,H,0.5436015169644188,0.2446927261507884,0.2117057568847927,False,False,False
Fold 1,1613,A,A,0.2857366864126069,0.2682680687789439,0.4459952448084491,A,0.2874285264525647,0.2620293465058138,0.4505421270416215,True,True,False
Fold 1,195,A,H,0.3957172950563652,0.2683088019881032,0.3359739029555314,H,0.3980473372033131,0.2666414608624947,0.3353112019341923,False,False,False
Fold 1,196,A,A,0.2762423153969194,0.2562497128832374,0.4675079717198432,A,0.2589284040346121,0.2450834737046446,0.4959881222607432,True,True,False
Fold 1,197,A,H,0.4932747110986366,0.235126629273821,0.2715986596275424,H,0.4478921788456255,0.2420186058449166,0.3100892153094579,False,False,False
Fold 1,558,H,H,0.4893031518232416,0.2672553489184611,0.243441499258297,H,0.4877482038397218,0.2543114052131754,0.2579403909471027,True,True,False
Fold 1,885,H,H,0.5877725675611293,0.2258254854729166,0.186401946965954,H,0.5763508452889744,0.2260076810490534,0.1976414736619721,True,True,False
Fold 1,1243,A,A,0.298943252085079,0.2583803003387158,0.4426764475762051,A,0.2954853204815672,0.2535163531447765,0.4509983263736563,True,True,False
Fold 1,1614,H,H,0.3530908490513522,0.3130203756047919,0.3338887753438559,H,0.3561626275803785,0.2972184405189849,0.3466189319006367,True,True,False
Fold 1,886,A,A,0.3522656898456623,0.2674060739248455,0.3803282362294921,A,0.3321824861443607,0.2537327660755916,0.4140847477800477,True,True,False
Fold 1,198,A,A,0.3010219380035708,0.297795095383244,0.4011829666131852,A,0.3166725738100793,0.2830658992503749,0.4002615269395459,True,True,False
Fold 1,1244,H,A,0.2852031013831757,0.292703786239184,0.4220931123776403,A,0.2857549812188389,0.2743603988486501,0.439884619932511,False,False,False
Fold 1,1615,H,H,0.4122199116741225,0.2791609924538205,0.308619095872057,H,0.4103415760740531,0.2710983365338573,0.3185600873920894,True,True,False
Fold 1,1245,H,H,0.3900040266633853,0.2860479384902122,0.3239480348464023,H,0.3954706921149667,0.279568884470058,0.3249604234149753,True,True,False
Fold 1,1616,H,H,0.603176674181558,0.2029125781717469,0.193910747646695,H,0.5810158999954006,0.2110957837685347,0.2078883162360646,True,True,False
Fold 1,559,D,A,0.2562745458225742,0.271357685297145,0.4723677688802808,A,0.2338972659422725,0.252755215749065,0.5133475183086624,False,False,False
Fold 1,887,H,H,0.3605663813791262,0.2940767170652748,0.3453569015555989,H,0.3649700810950891,0.2777218531816762,0.3573080657232346,True,True,False
Fold 1,199,H,H,0.4727785099415359,0.2765630233095528,0.2506584667489114,H,0.4607073404845976,0.2676496634225899,0.2716429960928124,True,True,False
Fold 1,1246,A,A,0.3558510873930959,0.2658233716343174,0.3783255409725866,A,0.3426382038071129,0.2668032146483453,0.3905585815445418,True,True,False
Fold 1,560,A,A,0.3053847657912835,0.2449383562484489,0.4496768779602676,A,0.2795851396503605,0.2392566955862855,0.4811581647633539,True,True,False
Fold 1,1617,H,H,0.474997780510643,0.2782686941091875,0.2467335253801695,H,0.4529831884952416,0.271250388571519,0.2757664229332393,True,True,False
Fold 1,561,D,H,0.4221851898000981,0.261968785230792,0.3158460249691098,H,0.4202586667373811,0.261809721849478,0.3179316114131408,False,False,False
Fold 1,1618,A,H,0.3905710968872574,0.2649935201238461,0.3444353829888965,H,0.391948958149658,0.2639705869551335,0.3440804548952084,False,False,False
Fold 1,1247,D,A,0.2344087342787434,0.2362744965236871,0.5293167691975694,A,0.2351341355747346,0.2403460927814937,0.5245197716437715,False,False,False
Fold 1,1248,H,A,0.259513697951176,0.2418251013622214,0.4986612006866024,A,0.2584684625349445,0.240900085975482,0.5006314514895736,False,False,False
Fold 1,888,D,H,0.3832997201219533,0.2734128098802078,0.3432874699978389,H,0.4347447335460286,0.2580824572498822,0.3071728092040892,False,False,False
Fold 1,889,A,H,0.5883081595545849,0.2326306699573835,0.1790611704880316,H,0.5318700327239249,0.2380071468938825,0.2301228203821926,False,False,False
Fold 1,890,H,H,0.4851708487791974,0.2663381426317617,0.2484910085890407,H,0.4697152470054071,0.2663986373213604,0.2638861156732325,True,True,False
Fold 1,891,A,A,0.2509494258351594,0.235885686792916,0.5131648873719244,A,0.2406667687209156,0.2218736509713662,0.5374595803077182,True,True,False
Fold 1,562,A,H,0.5261824127179177,0.246495233039259,0.2273223542428232,H,0.5181076403590171,0.2443662004037575,0.2375261592372254,False,False,False
Fold 1,563,A,H,0.5188095584699248,0.2579306805169677,0.2232597610131075,H,0.4601795189451526,0.2609113550728709,0.2789091259819765,False,False,False
Fold 1,564,A,H,0.3812076297535904,0.2576375997120532,0.3611547705343563,A,0.3472689687192846,0.2488253112456739,0.4039057200350414,False,True,True
Fold 1,565,A,H,0.5940453985546906,0.2463906173295696,0.1595639841157396,H,0.584413942053511,0.2401803103408199,0.1754057476056689,False,False,False
Fold 1,566,A,A,0.3004875091929407,0.2624014140821985,0.4371110767248607,A,0.2807969095508621,0.2485722555897886,0.4706308348593491,True,True,False
Fold 1,1619,A,H,0.3784728251096843,0.2953949768802849,0.3261321980100307,A,0.353353055791523,0.2827159911344398,0.3639309530740371,False,True,True
Fold 1,200,H,H,0.4556537558877825,0.2865316738821228,0.2578145702300946,H,0.4377144844048662,0.2772477833408725,0.2850377322542614,True,True,False
Fold 1,1249,H,A,0.3051583112181324,0.2702927595498482,0.4245489292320192,A,0.3044268654625876,0.2688653511100914,0.426707783427321,False,False,False
Fold 1,567,H,H,0.3538266998914398,0.3149542150648309,0.3312190850437292,H,0.3645358400846246,0.2935371894369334,0.341926970478442,True,True,False
Fold 1,892,H,H,0.5436655835015173,0.2307518035112571,0.2255826129872256,H,0.5124718958264947,0.2332999395497222,0.254228164623783,True,True,False
Fold 1,1620,A,A,0.2317900638606983,0.2475594051123529,0.5206505310269487,A,0.2374648617218428,0.2441726854992965,0.5183624527788605,True,True,False
Fold 1,201,D,H,0.3877543684792177,0.2541571142597747,0.3580885172610076,A,0.3592292147859294,0.2520388772401978,0.3887319079738728,False,False,True
Fold 1,1250,H,H,0.6435198636546245,0.196047002320267,0.1604331340251084,H,0.6178221097172287,0.2062885804323961,0.1758893098503751,True,True,False
Fold 1,1621,A,A,0.2395615987723633,0.288397069551521,0.4720413316761155,A,0.2186104135941105,0.2605168857429322,0.5208727006629573,True,True,False
Fold 1,202,H,A,0.2122918537218145,0.250694376173332,0.5370137701048533,A,0.2238678699798288,0.2477656311202525,0.5283664988999186,False,False,False
Fold 1,1251,H,A,0.3521504603577322,0.2715361766640991,0.3763133629781687,A,0.3270012529866007,0.2634817244269025,0.4095170225864967,False,False,False
Fold 1,1622,H,H,0.5813679361819865,0.2404485271709349,0.1781835366470786,H,0.5935847165266707,0.2334047839577917,0.1730104995155375,True,True,False
Fold 1,203,H,A,0.2826860412572035,0.2682151022708732,0.4490988564719232,A,0.2924701288247681,0.2637389348732468,0.4437909363019851,False,False,False
Fold 1,568,H,H,0.4955634198278972,0.244601550828194,0.2598350293439088,H,0.4624156664108541,0.2465955869998932,0.2909887465892526,True,True,False
Fold 1,1252,H,A,0.267922781601469,0.2993392342220728,0.4327379841764583,A,0.2665225703958852,0.2775065786532639,0.4559708509508507,False,False,False
Fold 1,893,D,H,0.4738287173247114,0.3091870903007465,0.216984192374542,H,0.4945390853477329,0.2819867036485686,0.2234742110036985,False,False,False
Fold 1,1623,H,H,0.5606382120986947,0.2569288032742717,0.1824329846270335,H,0.5601439328048067,0.2452807267181366,0.1945753404770567,True,True,False
Fold 1,204,H,H,0.5948578299238033,0.2352262864378118,0.1699158836383848,H,0.5892795421211265,0.2320224000922149,0.1786980577866585,True,True,False
Fold 1,205,D,H,0.4281794086334,0.2645353631732509,0.3072852281933491,H,0.418704278566991,0.262181458191996,0.3191142632410129,False,False,False
Fold 1,206,A,A,0.3249183689193015,0.2582397875467927,0.4168418435339058,A,0.3230062527348866,0.2563661841891488,0.4206275630759646,True,True,False
Fold 1,569,A,H,0.3957654328098014,0.2791526570768848,0.3250819101133137,A,0.3664893448330818,0.2632769540972864,0.3702337010696317,False,True,True
Fold 1,894,H,H,0.6122760471318598,0.2192153191694118,0.1685086336987284,H,0.5818357262609049,0.2163663489191735,0.2017979248199216,True,True,False
Fold 1,1253,A,A,0.2105990633716217,0.2293263976913689,0.5600745389370094,A,0.1990459304436165,0.2220962942777467,0.5788577752786367,True,True,False
Fold 1,1624,A,H,0.3839079999576528,0.2505013503268863,0.3655906497154608,H,0.375508406744495,0.2615114390280801,0.3629801542274249,False,False,False
Fold 1,895,D,A,0.3187574150299342,0.2613288039139351,0.4199137810561306,A,0.3064448346664405,0.2539041933422265,0.439650971991333,False,False,False
Fold 1,207,A,A,0.2827720002371351,0.3004132629532987,0.4168147368095661,A,0.2768294262494647,0.2803804621985026,0.4427901115520324,True,True,False
Fold 1,1254,A,A,0.2316937226678421,0.2410669862590053,0.5272392910731525,A,0.2443988358270285,0.2416555215248026,0.5139456426481689,True,True,False
Fold 1,1625,H,H,0.5295970002139675,0.2497878326737063,0.220615167112326,H,0.4944179903825802,0.257219472171794,0.2483625374456257,True,True,False
Fold 1,1255,H,H,0.6031194745444325,0.2441293240575049,0.1527512013980626,H,0.593334425271278,0.2359091582525279,0.1707564164761941,True,True,False
Fold 1,1626,D,H,0.4871344184670965,0.2639723486217784,0.2488932329111252,H,0.4695515695963439,0.2596320325800422,0.2708163978236139,False,False,False
Fold 1,570,A,A,0.2773771639341761,0.2772497352696121,0.4453731007962117,A,0.2862348410332337,0.2678785063832339,0.4458866525835324,True,True,False
Fold 1,571,H,H,0.4349205114328611,0.2885591324887759,0.276520356078363,H,0.3812287575352328,0.2767432082746153,0.3420280341901519,True,True,False
Fold 1,572,H,H,0.4040680108931648,0.2741560743754933,0.3217759147313419,H,0.4108805861239705,0.2657641511355968,0.3233552627404326,True,True,False
Fold 1,573,H,H,0.5602963553570429,0.2458582238386766,0.1938454208042804,H,0.5540091568773626,0.2451335586271714,0.2008572844954659,True,True,False
Fold 1,574,H,H,0.494089670337795,0.2632686688701205,0.2426416607920844,H,0.4861310897615367,0.2618218320840348,0.2520470781544283,True,True,False
Fold 1,575,A,A,0.2967080154754641,0.2819317405862457,0.4213602439382902,A,0.3008748850494511,0.2696086578311952,0.4295164571193536,True,True,False
Fold 1,576,D,H,0.451406771966132,0.2638434417204543,0.2847497863134136,H,0.4349368283725451,0.2643262316953244,0.3007369399321304,False,False,False
Fold 1,577,D,A,0.2705827684494009,0.2591139413559826,0.4703032901946166,A,0.2777828481482028,0.2526142191287014,0.4696029327230957,False,False,False
Fold 1,578,H,H,0.4808474129581551,0.2572273709160104,0.2619252161258345,H,0.4720485582098109,0.2535685685038556,0.2743828732863335,True,True,False
Fold 1,1256,H,H,0.3725364230857796,0.296578371856687,0.3308852050575332,H,0.3755630159081565,0.2821987597887344,0.3422382243031091,True,True,False
Fold 1,579,H,H,0.5016486354038064,0.2692422252641001,0.2291091393320934,H,0.5007806276150781,0.2590220232378539,0.2401973491470679,True,True,False
Fold 1,896,A,A,0.2386208548201074,0.2968117138788975,0.464567431300995,A,0.2464258104834833,0.2740231750216451,0.4795510144948716,True,True,False
Fold 1,208,H,H,0.5782381527399445,0.2378170831199409,0.1839447641401145,H,0.5858836117727253,0.224417410527554,0.1896989776997206,True,True,False
Fold 1,1257,H,H,0.4952025905379585,0.2597944901585506,0.2450029193034908,H,0.4865103430001311,0.2582158106893601,0.2552738463105086,True,True,False
Fold 1,1627,D,A,0.3066364223645019,0.2716018416973927,0.4217617359381052,A,0.3167028781728512,0.2633502295276739,0.4199468922994748,False,False,False
Fold 1,1628,D,H,0.4108236657221955,0.2652908328332297,0.3238855014445748,H,0.404169585585478,0.2625312780198652,0.3332991363946567,False,False,False
Fold 1,1258,D,H,0.6321967143244683,0.2161288892271797,0.1516743964483518,H,0.6179938767127149,0.2174735757407605,0.1645325475465246,False,False,False
Fold 1,897,A,H,0.4843943970384209,0.2438256556554316,0.2717799473061473,H,0.4294263073738963,0.2353311585674293,0.3352425340586742,False,False,False
Fold 1,900,A,A,0.3623673913599658,0.2557603302085736,0.3818722784314605,A,0.3400691291425619,0.2496470783953568,0.4102837924620812,True,True,False
Fold 1,901,A,A,0.2903275972085316,0.2627425826998376,0.4469298200916307,A,0.2984789122000377,0.2635035221047567,0.4380175656952055,True,True,False
Fold 2,594,A,H,0.4201730530785765,0.2801116891636947,0.2997152577577287,H,0.4071182613219363,0.2732278301334114,0.3196539085446522,False,False,False
Fold 2,919,H,H,0.3677559123789367,0.2747186529158547,0.3575254347052087,H,0.3768645015536208,0.2653426247668211,0.357792873679558,True,True,False
Fold 2,1648,A,A,0.2965321755996729,0.2654789558402365,0.4379888685600906,A,0.3280001469367135,0.2577664124631529,0.4142334406001335,True,True,False
Fold 2,228,A,A,0.2745432988759436,0.2632185080010367,0.4622381931230197,A,0.3018564265353797,0.261408423214606,0.4367351502500142,True,True,False
Fold 2,1281,H,H,0.561679904669469,0.2462274604007044,0.1920926349298265,H,0.5595165016236506,0.2435029334065602,0.1969805649697891,True,True,False
Fold 2,1649,D,H,0.3990550519909743,0.2899586775814567,0.3109862704275689,H,0.4299236958245151,0.2749300593892494,0.2951462447862354,False,False,False
Fold 2,229,H,A,0.3393542986212238,0.2628283059579906,0.3978173954207856,A,0.3592375957527925,0.2618286070865406,0.3789337971606668,False,False,False
Fold 2,1282,D,A,0.2572781730714234,0.2548789710034089,0.4878428559251677,A,0.2656466107234857,0.2579126344749326,0.4764407548015816,False,False,False
Fold 2,1650,A,A,0.2757886050469852,0.2398285856551577,0.484382809297857,A,0.2946328406065949,0.2471704490530555,0.4581967103403495,True,True,False
Fold 2,595,H,A,0.3600640316917051,0.2790934711480797,0.3608424971602151,A,0.3517450320662947,0.2694312710397233,0.3788236968939819,False,False,False
Fold 2,596,H,H,0.3797298510994949,0.293854110541264,0.3264160383592411,H,0.4178458262648046,0.2756664955743553,0.30648767816084,True,True,False
Fold 2,230,H,H,0.6085569986588377,0.2328690753602612,0.158573925980901,H,0.6053695395559564,0.232045196485294,0.1625852639587496,True,True,False
Fold 2,1283,H,H,0.4053488871331754,0.2645878881583677,0.3300632247084568,H,0.4075293286929193,0.262291303930687,0.3301793673763937,True,True,False
Fold 2,1284,H,H,0.6224267439741865,0.2282284963207545,0.1493447597050589,H,0.5943768268132169,0.2329123641174025,0.1727108090693807,True,True,False
Fold 2,1651,A,A,0.3013540390701389,0.2499872791486678,0.4486586817811932,A,0.3002935335821618,0.2533758775334521,0.4463305888843862,True,True,False
Fold 2,920,A,A,0.3027462322017607,0.2688805167050191,0.4283732510932201,A,0.2988674614653679,0.2616361362950742,0.4394964022395579,True,True,False
Fold 2,231,A,A,0.3432239669927923,0.2877585790501442,0.3690174539570635,H,0.3652017379641409,0.2759065570028853,0.3588917050329738,True,False,True
Fold 2,232,H,H,0.4062136781853091,0.3308474610958752,0.2629388607188156,H,0.38644534796033,0.3165618728773513,0.2969927791623187,True,True,False
Fold 2,233,D,H,0.5154004715486945,0.27335093644906,0.2112485920022454,H,0.533339528301765,0.2548011460564103,0.2118593256418248,False,False,False
Fold 2,921,H,H,0.404639006693161,0.2710330852883587,0.3243279080184801,H,0.3836145908087657,0.2642265380619223,0.3521588711293119,True,True,False
Fold 2,1285,H,A,0.2519694747211139,0.2445760771714416,0.5034544481074444,A,0.2990343412540628,0.2476642197485362,0.4533014389974009,False,False,False
Fold 2,1652,A,H,0.4470286925409598,0.2609410465082856,0.2920302609507545,H,0.4348437914774858,0.2626239207834568,0.3025322877390572,False,False,False
Fold 2,1653,D,H,0.5051487625606885,0.268072152549013,0.2267790848902984,H,0.5047930249778303,0.2622487650931548,0.2329582099290149,False,False,False
Fold 2,922,A,A,0.292867570108231,0.280355621193899,0.4267768086978698,A,0.2952012538261262,0.265786526395591,0.4390122197782828,True,True,False
Fold 2,597,A,A,0.2971345803536969,0.2401345472192148,0.4627308724270881,A,0.293840754245242,0.2426149991136987,0.4635442466410593,True,True,False
Fold 2,234,H,H,0.3837301047838615,0.341380143783324,0.2748897514328144,H,0.4327834832457257,0.3040790876010794,0.2631374291531949,True,True,False
Fold 2,1286,A,H,0.3630080259185165,0.2922077880332033,0.3447841860482802,H,0.3674500992708917,0.2792241186434815,0.3533257820856267,False,False,False
Fold 2,1654,A,A,0.2377758851230906,0.2814673419953754,0.480756772881534,A,0.2447062101639627,0.272533440467054,0.4827603493689833,True,True,False
Fold 2,1655,H,H,0.6527756164930801,0.2009003873531824,0.1463239961537373,H,0.6501266042716346,0.2010191084537139,0.1488542872746514,True,True,False
Fold 2,923,H,H,0.5942962263085769,0.2312669863712698,0.1744367873201531,H,0.6015994862033129,0.22653010874661,0.171870405050077,True,True,False
Fold 2,235,H,A,0.3504807305303652,0.2811453182097875,0.3683739512598472,A,0.3418124598853431,0.2773412185454948,0.3808463215691621,False,False,False
Fold 2,1656,H,H,0.4355038597115808,0.3060445366270904,0.2584516036613288,H,0.4889391773769412,0.2793797643590797,0.231681058263979,True,True,False
Fold 2,1287,A,A,0.2437870916614415,0.2505428903470482,0.5056700179915102,A,0.249465957988387,0.2568475968679592,0.4936864451436537,True,True,False
Fold 2,1288,D,H,0.6227742060064857,0.2159670548796535,0.1612587391138607,H,0.5997135567087403,0.2194492837087181,0.1808371595825416,False,False,False
Fold 2,924,H,H,0.6858670545682897,0.1674677886120988,0.1466651568196114,H,0.7051966166474373,0.1614025848623083,0.1334007984902543,True,True,False
Fold 2,925,A,H,0.4919330891278404,0.2793488736350724,0.2287180372370871,H,0.5102015119357395,0.2650275826299032,0.2247709054343572,False,False,False
Fold 2,926,H,H,0.448938800585541,0.2597199559949902,0.2913412434194687,H,0.4360471679535161,0.25521273103358,0.3087401010129038,True,True,False
Fold 2,927,D,H,0.3724716477196769,0.2804744810648589,0.3470538712154641,A,0.3424427345502356,0.272942586636615,0.3846146788131492,False,False,True
Fold 2,928,A,A,0.3520812729991621,0.294511124837836,0.3534076021630018,H,0.3711010570660173,0.2741754153712643,0.3547235275627182,True,False,True
Fold 2,1657,D,A,0.2900927847216235,0.2831998338823486,0.4267073813960279,A,0.295865788670149,0.2760475722715405,0.4280866390583104,False,False,False
Fold 2,236,H,A,0.2453507439820955,0.2322964112342611,0.5223528447836433,A,0.2537314241360416,0.2334469410185089,0.5128216348454495,False,False,False
Fold 2,1289,H,H,0.5768296338927894,0.215798606811143,0.2073717592960675,H,0.5553077101565432,0.2242774580782784,0.2204148317651784,True,True,False
Fold 2,929,H,H,0.5052682967489917,0.2664125289701851,0.2283191742808232,H,0.5085933668477753,0.2560720327702567,0.2353346003819679,True,True,False
Fold 2,1658,A,A,0.3179126976847219,0.2683310028870816,0.4137562994281963,A,0.336887120135254,0.2699416332492795,0.3931712466154665,True,True,False
Fold 2,237,A,A,0.2404949102141925,0.2478944783017657,0.5116106114840417,A,0.2117749877900217,0.2285327898894363,0.559692222320542,True,True,False
Fold 2,1290,A,A,0.2517614252072536,0.2256499407153135,0.5225886340774328,A,0.2435757993435543,0.2309277221292533,0.5254964785271924,True,True,False
Fold 2,1659,H,H,0.6952564864530437,0.1716646134569801,0.133078900089976,H,0.6853324677567559,0.1793043781671422,0.1353631540761017,True,True,False
Fold 2,238,H,H,0.4618205510357858,0.241643444819431,0.296536004144783,H,0.4385486563950313,0.2391741396000233,0.3222772040049453,True,True,False
Fold 2,1291,H,H,0.484345090486923,0.2873652879624411,0.2282896215506358,H,0.5036352608229585,0.2698768619191568,0.2264878772578847,True,True,False
Fold 2,1660,A,A,0.3024800390737285,0.2925012520659781,0.4050187088602933,A,0.3155514778009344,0.286485127997822,0.3979633942012435,True,True,False
Fold 2,239,A,H,0.3682159531365996,0.2941849451375747,0.3375991017258256,H,0.3668377701801416,0.2856282838897568,0.3475339459301016,False,False,False
Fold 2,1292,H,A,0.2631713798777235,0.2778530423259852,0.4589755777962913,A,0.26016789374446,0.2684158749223126,0.4714162313332273,False,False,False
Fold 2,930,A,H,0.4260421194393098,0.3435301081140022,0.2304277724466878,H,0.4486789092952686,0.3147616038687337,0.2365594868359976,False,False,False
Fold 2,1661,H,H,0.6275021074855713,0.2253782678937769,0.1471196246206516,H,0.6443455431043819,0.2117307842103291,0.143923672685289,True,True,False
Fold 2,240,A,A,0.2797027353400602,0.2614266625538792,0.4588706021060605,A,0.304224619313792,0.2608692954204653,0.4349060852657426,True,True,False
Fold 2,241,H,H,0.4996797190005156,0.272956300111911,0.2273639808875735,H,0.5175287301118496,0.2630510258564502,0.2194202440317002,True,True,False
Fold 2,242,H,H,0.3768761710744496,0.2719856586239224,0.3511381703016278,H,0.3922470851964122,0.264570738183366,0.3431821766202218,True,True,False
Fold 2,931,H,H,0.522738893959283,0.2212510237298209,0.256010082310896,H,0.464968471050499,0.2296372553594018,0.3053942735900993,True,True,False
Fold 2,1293,H,H,0.5674959316252237,0.2335778746174604,0.1989261937573158,H,0.5768882823121816,0.2281980279564973,0.194913689731321,True,True,False
Fold 2,1662,D,H,0.5552723683793132,0.246371104076856,0.1983565275438308,H,0.5684186282970174,0.239497350346391,0.1920840213565915,False,False,False
Fold 2,1663,H,H,0.4101255288899008,0.2664086972049461,0.3234657739051532,H,0.4164660735525107,0.2644841881566532,0.3190497382908361,True,True,False
Fold 2,243,H,H,0.545936571176595,0.2236705856303684,0.2303928431930366,H,0.5283110298293029,0.2314673708635197,0.2402215993071774,True,True,False
Fold 2,1294,H,A,0.3458200658648124,0.2982566297739983,0.3559233043611892,H,0.3823818625436523,0.2849770291619078,0.3326411082944399,False,True,True
Fold 2,1664,H,H,0.4549269284499169,0.2744666108094872,0.2706064607405959,H,0.4287159210763154,0.2728236669630693,0.2984604119606152,True,True,False
Fold 2,1295,D,A,0.3646246698086322,0.2653367619348856,0.3700385682564821,A,0.351088323190771,0.2633740322514618,0.3855376445577673,False,False,False
Fold 2,1296,D,H,0.5362840999447789,0.2326089127401477,0.2311069873150734,H,0.5214008375628425,0.2368568418686336,0.2417423205685239,False,False,False
Fold 2,1665,D,H,0.4739581463428548,0.3162294129824621,0.209812440674683,H,0.4767748569243812,0.2943744622878581,0.2288506807877605,False,False,False
Fold 2,598,H,H,0.431427647166226,0.2586038802131445,0.3099684726206295,H,0.4246392185978376,0.2584261476139839,0.3169346337881784,True,True,False
Fold 2,599,H,H,0.4521520244750864,0.2775823097615598,0.2702656657633538,H,0.461676589566342,0.2682284503456514,0.2700949600880064,True,True,False
Fold 2,600,H,H,0.3656338644039003,0.3026588928572065,0.3317072427388932,H,0.3960649810065948,0.2864782993565195,0.3174567196368856,True,True,False
Fold 2,601,H,A,0.343441009948434,0.2746374206420514,0.3819215694095147,A,0.3619684040199613,0.2648595525455908,0.373172043434448,False,False,False
Fold 2,602,A,H,0.5636913157774858,0.2428674678992006,0.1934412163233136,H,0.5795255796853533,0.2339308491301341,0.1865435711845124,False,False,False
Fold 2,603,D,A,0.3018547078378844,0.2759518407897388,0.4221934513723768,A,0.261136430642878,0.2554084754397622,0.4834550939173598,False,False,False
Fold 2,604,H,H,0.6243107513427707,0.2244659594136725,0.1512232892435568,H,0.6372876603934433,0.2122683303749684,0.1504440092315883,True,True,False
Fold 2,605,A,H,0.4639569094046702,0.2685175296634184,0.2675255609319113,H,0.4565101523079411,0.2652559133465657,0.2782339343454931,False,False,False
Fold 2,606,H,H,0.6182549895855157,0.210874026845683,0.1708709835688013,H,0.6190659305694665,0.2114375591144833,0.1694965103160502,True,True,False
Fold 2,607,H,H,0.5143743734915839,0.2485299677852656,0.2370956587231505,H,0.487078766039979,0.2464876935586289,0.266433540401392,True,True,False
Fold 2,932,A,A,0.2722690905009264,0.2748387657015081,0.4528921437975654,A,0.2529965944295395,0.2659807484124621,0.4810226571579984,True,True,False
Fold 2,244,A,H,0.5989202758651727,0.2266165649621087,0.1744631591727185,H,0.5934917551900062,0.2250496510502448,0.1814585937597489,False,False,False
Fold 2,1297,H,A,0.3153709885082559,0.2640129861640242,0.4206160253277198,A,0.3552281013510568,0.2634663248302978,0.3813055738186454,False,False,False
Fold 2,1666,A,H,0.5384651850276926,0.2423596768305758,0.2191751381417316,H,0.5085263177712845,0.2518959800793036,0.239577702149412,False,False,False
Fold 2,608,D,A,0.327625057734222,0.2982272052432149,0.374147737022563,A,0.3249093252938366,0.2813555780303841,0.3937350966757791,False,False,False
Fold 2,1667,A,H,0.4158164149141282,0.2513490454134531,0.3328345396724186,H,0.4161041478150636,0.2513987280657089,0.3324971241192274,False,False,False
Fold 2,1298,A,A,0.3163845190270331,0.231938083073807,0.45167739789916,A,0.3213174641148095,0.2421205739898627,0.4365619618953278,True,True,False
Fold 2,933,A,A,0.3272713437450145,0.2722605270022489,0.4004681292527364,A,0.3321501115585785,0.2703816570611129,0.3974682313803085,True,True,False
Fold 2,934,D,H,0.5495130445913198,0.2537421027900241,0.1967448526186561,H,0.5550987227119081,0.2462742902586088,0.1986269870294831,False,False,False
Fold 2,935,H,H,0.4316622962939784,0.2778125204429622,0.2905251832630595,H,0.4406952805873016,0.2704202159641222,0.2888845034485762,True,True,False
Fold 2,936,A,H,0.4079581872552388,0.2764129886858001,0.315628824058961,H,0.3817516640163582,0.268221919353717,0.3500264166299248,False,False,False
Fold 2,937,A,A,0.2397458010294973,0.245431355578279,0.5148228433922237,A,0.2189999690450897,0.235007501836131,0.5459925291187792,True,True,False
Fold 2,609,D,A,0.3235209762706298,0.2867305024786531,0.389748521250717,A,0.310235039858003,0.275831302767992,0.4139336573740048,False,False,False
Fold 2,610,H,H,0.4098824243155649,0.2944504947985856,0.2956670808858494,H,0.4133589356460718,0.2832563551078613,0.3033847092460669,True,True,False
Fold 2,611,A,A,0.3403268672869005,0.2494648864284095,0.4102082462846898,A,0.3227228197591571,0.2427522055057268,0.434524974735116,True,True,False
Fold 2,1668,A,H,0.6568347288674283,0.1885532448123076,0.1546120263202639,H,0.6450652494715685,0.1938906860892116,0.1610440644392199,False,False,False
Fold 2,245,H,H,0.6537297790328922,0.1934646180143047,0.152805602952803,H,0.6747690104064488,0.1843090975394043,0.1409218920541468,True,True,False
Fold 2,1299,D,A,0.2391530257396875,0.2324408652214408,0.5284061090388716,A,0.2330160431902351,0.2297308487483099,0.5372531080614549,False,False,False
Fold 2,612,H,H,0.4495118664074453,0.2633296713189178,0.2871584622736369,H,0.4235173822397567,0.2593907715519357,0.3170918462083075,True,True,False
Fold 2,938,H,A,0.3246338046119199,0.2451493262310938,0.4302168691569863,A,0.3255889373938871,0.2418889794959162,0.4325220831101966,False,False,False
Fold 2,1669,A,A,0.33117581132808,0.2509864300708602,0.4178377586010597,A,0.3362221908674412,0.2561392649522177,0.4076385441803411,True,True,False
Fold 2,246,H,A,0.2833303968840781,0.2845027936367109,0.4321668094792109,A,0.3086069734742996,0.2730907345409077,0.4183022919847927,False,False,False
Fold 2,1300,D,H,0.4857077989324387,0.2515436153184735,0.2627485857490877,H,0.4716128225381409,0.2503584727918914,0.2780287046699678,False,False,False
Fold 2,1670,D,H,0.6402280306088085,0.2017754236004969,0.1579965457906946,H,0.6232551474362102,0.207734768026664,0.1690100845371256,False,False,False
Fold 2,247,H,H,0.3743859001295237,0.2943148826433601,0.3312992172271162,H,0.4260666160291616,0.2721771340189733,0.3017562499518651,True,True,False
Fold 2,1301,D,H,0.3863521141227531,0.2927190697362126,0.3209288161410342,H,0.384218089485452,0.2834342709212232,0.3323476395933248,False,False,False
Fold 2,1671,A,H,0.3686328394905019,0.304095681855651,0.3272714786538471,H,0.3884428414809178,0.2883549868867486,0.3232021716323336,False,False,False
Fold 2,248,H,H,0.4578168950661717,0.2842436439426419,0.2579394609911863,H,0.4752222714710524,0.2743040873236697,0.2504736412052778,True,True,False
Fold 2,613,H,A,0.2614768225263647,0.2770091630085847,0.4615140144650504,A,0.2548694120951356,0.2630337200227792,0.4820968678820851,False,False,False
Fold 2,614,H,H,0.6243945368981167,0.2058228403005665,0.1697826228013168,H,0.6265773078210142,0.206203656047959,0.1672190361310269,True,True,False
Fold 2,615,D,A,0.2901773167123259,0.2667764179228501,0.4430462653648239,A,0.3175121390325648,0.2611173026772539,0.4213705582901813,False,False,False
Fold 2,1302,D,H,0.476797734410947,0.286378930552485,0.2368233350365679,H,0.468611868571585,0.2809370157567685,0.2504511156716464,False,False,False
Fold 2,1303,D,A,0.2942339845178099,0.2774619143623842,0.4283041011198059,A,0.3053539226991761,0.2716102712377724,0.4230358060630514,False,False,False
Fold 2,939,D,A,0.266522829229633,0.2694630673107409,0.4640141034596262,A,0.2816090433050047,0.2696115793510581,0.4487793773439371,False,False,False
Fold 2,1672,A,H,0.3815193066432297,0.2770225259163415,0.3414581674404288,A,0.357941098639323,0.2701381927283126,0.3719207086323643,False,True,True
Fold 2,249,A,A,0.2998147018468807,0.2904227293403524,0.4097625688127668,A,0.3112241330933865,0.2838574373024857,0.4049184296041278,True,True,False
Fold 2,250,A,A,0.2735506651758117,0.2516371718247322,0.4748121629994562,A,0.2727418353542622,0.2537894127570374,0.4734687518887004,True,True,False
Fold 2,251,A,H,0.5082713702016652,0.2737786216190501,0.2179500081792847,H,0.4610395875117227,0.2680223341637164,0.2709380783245608,False,False,False
Fold 2,616,D,A,0.292459173009006,0.2502621773773555,0.4572786496136385,A,0.3065903012641855,0.2489543867152729,0.4444553120205414,False,False,False
Fold 2,940,H,H,0.3772980634334077,0.2911182780887399,0.3315836584778523,A,0.3492647374121049,0.2760128010363789,0.3747224615515161,True,False,True
Fold 2,1304,A,H,0.3984042259481333,0.2704222424296013,0.3311735316222655,H,0.4254938503168725,0.2628051014668214,0.3117010482163061,False,False,False
Fold 2,1673,A,A,0.363897740971218,0.2598139457410135,0.3762883132877684,A,0.3299724215855435,0.2578629931578837,0.4121645852565727,True,True,False
Fold 2,252,H,H,0.5997436961805654,0.2057526534337536,0.1945036503856809,H,0.559816261033446,0.2196333940510527,0.2205503449155013,True,True,False
Fold 2,1305,D,H,0.4724099889002232,0.2794748427473952,0.2481151683523815,H,0.4759925053965496,0.2700832681644831,0.2539242264389673,False,False,False
Fold 2,1674,D,A,0.3319448003382802,0.2888474707631881,0.3792077288985316,A,0.3610797787377161,0.2759493823375027,0.362970838924781,False,False,False
Fold 2,1306,D,H,0.4631682994213881,0.2764713774806054,0.2603603230980064,H,0.4652561915341009,0.267357550751949,0.2673862577139501,False,False,False
Fold 2,617,A,A,0.2922592763317821,0.2605094927981818,0.4472312308700359,A,0.2635661341378506,0.2474815788132591,0.4889522870488902,True,True,False
Fold 2,1675,D,A,0.344424500595263,0.2894167485141816,0.3661587508905555,H,0.3757826936903959,0.2796171849086692,0.3446001214009348,False,False,True
Fold 2,941,A,A,0.3231009975016712,0.2877871037159094,0.3891118987824194,A,0.3575430855266986,0.2791313395143665,0.3633255749589348,True,True,False
Fold 2,253,A,H,0.5655184725436387,0.2433987021643596,0.1910828252920016,H,0.5470408312885151,0.2450336899290725,0.2079254787824124,False,False,False
Fold 2,1307,A,A,0.3356538795028332,0.2834114183179893,0.3809347021791773,A,0.3500372221768422,0.2779528797603834,0.3720098980627743,True,True,False
Fold 2,1676,H,H,0.3823760611155908,0.2895700166834111,0.3280539222009981,H,0.3745757085084152,0.2818268007252134,0.3435974907663713,True,True,False
Fold 2,618,H,H,0.5002042354678078,0.2427030328303281,0.2570927317018641,H,0.4577222756322884,0.2501409751378364,0.292136749229875,True,True,False
Fold 2,1677,A,H,0.4258065434087758,0.2752063894303094,0.2989870671609148,H,0.442089252247844,0.2680978518232626,0.2898128959288933,False,False,False
Fold 2,1308,H,H,0.4750243982161755,0.2624410184851165,0.262534583298708,H,0.4788983090620849,0.2617394050775444,0.2593622858603707,True,True,False
Fold 2,942,A,H,0.4616721999300908,0.2738700584960485,0.2644577415738605,H,0.4655084840389997,0.2664294350975041,0.2680620808634962,False,False,False
Fold 2,943,H,A,0.311403496338912,0.2605958748091773,0.4280006288519107,A,0.2948053798702938,0.2548153870330381,0.450379233096668,False,False,False
Fold 2,944,D,H,0.6152054959554437,0.2106230019862034,0.1741715020583528,H,0.6168466637770619,0.2104742739696351,0.1726790622533029,False,False,False
Fold 2,945,A,H,0.378593030270171,0.2774430847885569,0.3439638849412721,A,0.3618524045103356,0.2725867353247784,0.3655608601648859,False,True,True
Fold 2,946,A,A,0.3514395209162457,0.2862044752667294,0.3623560038170249,A,0.3599445774877455,0.2740759743415258,0.3659794481707287,True,True,False
Fold 2,619,A,A,0.2944437921070826,0.245952925613597,0.4596032822793203,A,0.2732190197359937,0.2388112024793272,0.4879697777846791,True,True,False
Fold 2,620,D,H,0.591126211604209,0.2244596104843113,0.1844141779114796,H,0.5997139372849555,0.2190335127173471,0.1812525499976973,False,False,False
Fold 2,621,A,H,0.4064770552755146,0.2923825170473439,0.3011404276771415,H,0.4265110062044849,0.278687058817662,0.294801934977853,False,False,False
Fold 2,1678,A,H,0.4691072703593849,0.2814038069893744,0.2494889226512406,H,0.4683668917647236,0.2753400241821944,0.2562930840530819,False,False,False
Fold 2,254,H,H,0.358896566161717,0.2997199751570591,0.3413834586812237,H,0.4069154613611832,0.2737710183661436,0.319313520272673,True,True,False
Fold 2,1309,H,H,0.6614488967939769,0.1830455798512638,0.1555055233547593,H,0.6469360197784237,0.1927985653399551,0.1602654148816211,True,True,False
Fold 2,622,D,H,0.5107261876371509,0.2661302623290031,0.2231435500338458,H,0.4993717560379684,0.2603329984665924,0.240295245495439,False,False,False
Fold 2,947,D,H,0.5708980787904153,0.2290538066895174,0.2000481145200673,H,0.5779485936570318,0.221549038136978,0.2005023682059901,False,False,False
Fold 2,1679,A,H,0.5700661275054911,0.2241311346195222,0.2058027378749866,H,0.5154790542373152,0.2393963954003028,0.245124550362382,False,False,False
Fold 2,255,A,A,0.3215903978173147,0.2745267515425165,0.4038828506401687,A,0.3538562037205209,0.2647851622607621,0.3813586340187169,True,True,False
Fold 2,1310,H,H,0.5812928047404057,0.2381413916988454,0.1805658035607489,H,0.5726719231113636,0.2376315405238693,0.189696536364767,True,True,False
Fold 2,1680,A,A,0.2179797819288286,0.2438185484336118,0.5382016696375596,A,0.2051598082356522,0.23495117320627,0.5598890185580777,True,True,False
Fold 2,256,D,H,0.3988633578159297,0.3188728802740774,0.2822637619099928,H,0.4020191322740846,0.3003398282610768,0.2976410394648385,False,False,False
Fold 2,1311,H,H,0.390810629276185,0.2881635608799173,0.3210258098438976,H,0.3939329431257591,0.2821496048567756,0.3239174520174652,True,True,False
Fold 2,1681,H,H,0.450970039826417,0.2638658375748519,0.2851641225987311,H,0.4572148216790775,0.2576950394441208,0.2850901388768016,True,True,False
Fold 2,257,D,A,0.2916944676419854,0.2664724683160489,0.4418330640419658,A,0.2732364696933026,0.2535838412337259,0.4731796890729715,False,False,False
Fold 2,623,H,A,0.3571433036992791,0.2686574636829538,0.374199232617767,A,0.3491569401140066,0.2646250841514254,0.3862179757345679,False,False,False
Fold 2,624,H,H,0.5837571842376001,0.232026525037396,0.1842162907250039,H,0.5949072347951553,0.2251102628506863,0.1799825023541584,True,True,False
Fold 2,625,D,H,0.6055220306467161,0.2355454235782685,0.1589325457750154,H,0.5941040890566522,0.2358451725993616,0.170050738343986,False,False,False
Fold 2,1312,D,H,0.4086679578021616,0.3276966741451913,0.2636353680526471,H,0.4309443817116232,0.3065481062179656,0.2625075120704112,False,False,False
Fold 2,1313,D,A,0.3007548906512103,0.2900812419281517,0.4091638674206377,A,0.3017977251797686,0.2824017157823134,0.415800559037918,False,False,False
Fold 2,948,A,H,0.3566306149998125,0.2898106843658733,0.3535587006343141,H,0.3879940368793848,0.2746155886069966,0.3373903745136186,False,False,False
Fold 2,1682,A,A,0.2541460588799311,0.2643423981909951,0.481511542929074,A,0.2533249600887393,0.2602914664797841,0.4863835734314766,True,True,False
Fold 2,258,H,H,0.3699678227096444,0.3272951682543872,0.3027370090359683,H,0.4087742414130202,0.3024303608735776,0.2887953977134022,True,True,False
Fold 2,259,A,A,0.293623617427218,0.2869204261773513,0.4194559563954306,A,0.2881480428276767,0.2755373571107533,0.43631460006157,True,True,False
Fold 2,626,H,H,0.4267307971764145,0.285543544790269,0.2877256580333164,H,0.4442802714931876,0.2710622106788319,0.2846575178279805,True,True,False
Fold 2,949,H,H,0.5246087336674984,0.2391207563598109,0.2362705099726907,H,0.5328425875248552,0.2361672944569844,0.2309901180181603,True,True,False
Fold 2,1314,H,H,0.4679049232203631,0.2417835655027173,0.2903115112769197,H,0.4462706174773735,0.2486413810249759,0.3050880014976506,True,True,False
Fold 2,1683,A,H,0.3892128343049499,0.3007575483413838,0.3100296173536662,H,0.3793322099127588,0.2871643844321417,0.3335034056550995,False,False,False
Fold 2,260,A,A,0.283287520315357,0.2904340775271577,0.4262784021574853,A,0.2949208806710103,0.2812918827824027,0.423787236546587,True,True,False
Fold 2,1315,D,A,0.3506879525716774,0.2891845891984297,0.3601274582298929,A,0.3496807258096984,0.2776535642067615,0.3726657099835399,False,False,False
Fold 2,1684,H,H,0.4328439313518775,0.2832918636154777,0.2838642050326448,H,0.4599532589719836,0.2734716796107871,0.2665750614172293,True,True,False
Fold 2,1316,H,H,0.5978950308349053,0.2260394789533976,0.1760654902116971,H,0.5941726802105616,0.2248941549054559,0.1809331648839825,True,True,False
Fold 2,627,H,H,0.3972315730939376,0.2789166030457247,0.3238518238603377,H,0.4117293247006784,0.2701712008897241,0.3180994744095973,True,True,False
Fold 2,1685,H,H,0.5900183890159234,0.2502316231953103,0.1597499877887662,H,0.6297089017253658,0.2257843700786982,0.1445067281959359,True,True,False
Fold 2,628,H,A,0.3403267074810746,0.2882234391944937,0.3714498533244317,H,0.3640644323092238,0.2758654346871981,0.360070133003578,False,True,True
Fold 2,261,H,H,0.6152180392718799,0.2193633756725813,0.1654185850555387,H,0.5754891407032976,0.227927199659057,0.1965836596376454,True,True,False
Fold 2,1686,H,A,0.3281309563221186,0.3115587597256151,0.3603102839522662,A,0.3390038827985281,0.3036917775972962,0.3573043396041756,False,False,False
Fold 2,1687,D,H,0.3777148663571325,0.26571623452687,0.3565688991159975,H,0.3881111416697937,0.2631493726570337,0.3487394856731725,False,False,False
Fold 2,1317,A,A,0.27449816443358,0.2715805963199263,0.4539212392464936,A,0.2902666228843807,0.2715615243803818,0.4381718527352375,True,True,False
Fold 2,950,H,H,0.4996847316486288,0.2875818162023003,0.2127334521490707,H,0.4895830302143498,0.2764694240116213,0.2339475457740289,True,True,False
Fold 2,951,H,H,0.3890591412231331,0.313254561145015,0.2976862976318519,H,0.4141390040357186,0.2946638532439146,0.2911971427203669,True,True,False
Fold 2,952,D,H,0.4391756160044009,0.2761286059235612,0.2846957780720378,H,0.445702969400272,0.2673978668057578,0.2868991637939703,False,False,False
Fold 2,953,D,H,0.5933112536890932,0.2325143461537904,0.1741744001571163,H,0.5695927395724832,0.2350931441988603,0.1953141162286564,False,False,False
Fold 2,954,A,A,0.2300801928574149,0.2270480425847078,0.5428717645578772,A,0.2068763997149864,0.217279184828527,0.5758444154564867,True,True,False
Fold 2,629,A,A,0.2695689430811148,0.2831945211807292,0.4472365357381559,A,0.2837918287202405,0.2735070463019304,0.4427011249778291,True,True,False
Fold 2,630,D,H,0.4885544534619193,0.2641482687733184,0.2472972777647623,H,0.5026027065255108,0.2584721222597199,0.2389251712147694,False,False,False
Fold 2,631,D,A,0.3317160331336057,0.2774401254019868,0.3908438414644075,A,0.346290864566848,0.2680493421144297,0.3856597933187222,False,False,False
Fold 3,1338,A,A,0.3341285737413237,0.2633044984747574,0.4025669277839189,A,0.3509209900923752,0.2689165861301668,0.380162423777458,True,True,False
Fold 3,1339,A,A,0.1804282427298313,0.2499701369320233,0.5696016203381453,A,0.2047797235626506,0.2544138469422213,0.5408064294951281,True,True,False
Fold 3,969,D,H,0.3882469632720299,0.2750633755319906,0.3366896611959795,H,0.3930735220623939,0.2697921680050037,0.3371343099326024,False,False,False
Fold 3,970,D,A,0.1894558202534373,0.2339839172202454,0.5765602625263173,A,0.1932226642945045,0.230223525301468,0.5765538104040274,False,False,False
Fold 3,971,D,A,0.1779003267985922,0.3452828074410993,0.4768168657603085,A,0.2100045480039276,0.3177722805509138,0.4722231714451586,False,False,False
Fold 3,972,A,A,0.3654142880662341,0.2587633525576371,0.3758223593761286,A,0.337361964232945,0.2614844373895036,0.4011535983775513,True,True,False
Fold 3,651,D,H,0.4422835794772804,0.3129168444955978,0.2447995760271217,H,0.4521884247542939,0.2981962063865069,0.249615368859199,False,False,False
Fold 3,652,H,A,0.2916356828890769,0.2890960158893993,0.4192683012215236,A,0.2976427894679384,0.2816549246860383,0.4207022858460233,False,False,False
Fold 3,1709,H,H,0.5799949529423449,0.2349778439116664,0.1850272031459885,H,0.534105534011461,0.2445545181604012,0.2213399478281378,True,True,False
Fold 3,281,H,A,0.2247540046564793,0.2907037242384515,0.4845422711050691,A,0.2339966636487833,0.2762428615136721,0.4897604748375446,False,False,False
Fold 3,1340,A,A,0.1407105023830218,0.2278904072069557,0.6313990904100225,A,0.1622508352714926,0.2321419884399193,0.605607176288588,True,True,False
Fold 3,653,A,H,0.6065065393824927,0.258975163109379,0.1345182975081282,H,0.5466694859398394,0.2609742343396702,0.1923562797204904,False,False,False
Fold 3,973,H,H,0.677941947145183,0.1670904171417626,0.1549676357130544,H,0.6009435809271007,0.1918973747045691,0.2071590443683302,True,True,False
Fold 3,1710,A,A,0.2203758281838794,0.2016265132275689,0.5779976585885517,A,0.2465623166497532,0.2206119361242018,0.5328257472260449,True,True,False
Fold 3,282,H,A,0.2188327101225488,0.1799135399465548,0.6012537499308964,A,0.239653772285824,0.2016705649155851,0.5586756627985908,False,False,False
Fold 3,1341,H,H,0.7678616194397562,0.1080966424578575,0.1240417381023863,H,0.7151090217027881,0.1443060974068696,0.1405848808903422,True,True,False
Fold 3,1711,A,A,0.140611639309808,0.1958143630105821,0.6635739976796098,A,0.1193136614794853,0.1737678313601071,0.7069185071604075,True,True,False
Fold 3,283,A,A,0.1625495288131601,0.1693604702271585,0.6680900009596814,A,0.1816905904023557,0.1830040123269439,0.6353053972707003,True,True,False
Fold 3,1342,A,A,0.1126768824021649,0.2096556546999757,0.6776674628978594,A,0.1483206000382164,0.2209328235236378,0.6307465764381458,True,True,False
Fold 3,1712,H,H,0.5427655788860002,0.2119762925469381,0.2452581285670617,H,0.5166164301654851,0.2252574344063305,0.2581261354281843,True,True,False
Fold 3,284,A,H,0.393903030970806,0.3001410557449432,0.3059559132842508,H,0.3886280396593878,0.2923635233901834,0.3190084369504287,False,False,False
Fold 3,654,D,A,0.3147536823539711,0.2314115255452741,0.4538347921007548,A,0.3237532056050871,0.241090984706577,0.4351558096883359,False,False,False
Fold 3,655,D,H,0.3892109361959094,0.2338166700650167,0.3769723937390737,A,0.3649815600200043,0.2349441201245016,0.4000743198554941,False,False,True
Fold 3,656,H,H,0.4224860994894039,0.2972911676946383,0.2802227328159578,H,0.4254325570895793,0.2872740643884257,0.2872933785219949,True,True,False
Fold 3,1343,A,A,0.2215318431672301,0.3188552814010426,0.4596128754317272,A,0.1953880132734545,0.2822680815994043,0.5223439051271412,True,True,False
Fold 3,974,A,H,0.4720232675195613,0.3047430602121619,0.2232336722682766,H,0.4465259283089998,0.2982710382866317,0.2552030334043684,False,False,False
Fold 3,1713,D,H,0.4481218282804768,0.339556360607893,0.2123218111116301,H,0.4482257212249759,0.3167747131346723,0.2349995656403516,False,False,False
Fold 3,285,A,H,0.4340872445178459,0.3373922406320745,0.2285205148500795,H,0.4717167356208834,0.3022515629825374,0.2260317013965791,False,False,False
Fold 3,286,H,H,0.5780831981942975,0.2683924604142393,0.1535243413914631,H,0.5781587261274457,0.2563885131352711,0.1654527607372831,True,True,False
Fold 3,287,A,H,0.499850880841642,0.2246457136281424,0.2755034055302156,H,0.4720008786727323,0.237658729024545,0.2903403923027225,False,False,False
Fold 3,657,H,A,0.3065205786601271,0.2526867347095212,0.4407926866303517,A,0.2906037947441179,0.2507886668967534,0.4586075383591287,False,False,False
Fold 3,975,D,A,0.2109429517214094,0.3427012373299626,0.4463558109486277,A,0.2252385681140374,0.310223494653858,0.4645379372321046,False,False,False
Fold 3,1344,H,H,0.5873150509798591,0.3052604857144936,0.1074244633056471,H,0.5528327495448921,0.2919684392143397,0.155198811240768,True,True,False
Fold 3,1714,A,A,0.2485405899579539,0.2203415101222241,0.5311178999198218,A,0.2610785577298172,0.2386661180928885,0.5002553241772943,True,True,False
Fold 3,976,D,A,0.3272846009897054,0.311675112146802,0.3610402868634925,A,0.3447835700569152,0.2934153858550257,0.3618010440880592,False,False,False
Fold 3,288,D,H,0.4219237849737095,0.2745567452027733,0.3035194698235171,H,0.4080632222714917,0.2709028253090532,0.3210339524194551,False,False,False
Fold 3,1345,D,D,0.3878786833356064,0.388261431309627,0.2238598853547665,H,0.4037854761901721,0.3487993705543933,0.2474151532554346,True,False,True
Fold 3,1715,D,A,0.2412430465177726,0.1827840643792916,0.5759728891029358,A,0.2554101229614532,0.2080798285869323,0.5365100484516143,False,False,False
Fold 3,1346,A,A,0.256932308261515,0.2484497329887246,0.4946179587497603,A,0.2670665375559988,0.2559385094516362,0.4769949529923649,True,True,False
Fold 3,658,D,H,0.3862215606402529,0.3023363515657718,0.3114420877939752,H,0.3748443686535963,0.2860310619684961,0.3391245693779075,False,False,False
Fold 3,1716,H,H,0.4421685060297281,0.2008396495446833,0.3569918444255885,H,0.4201276975872683,0.2207692172037395,0.3591030852089921,True,True,False
Fold 3,977,D,A,0.3008658700157529,0.278784307291347,0.4203498226929,A,0.3332009116766756,0.2739146733190139,0.3928844150043105,False,False,False
Fold 3,1347,H,A,0.3434463414784288,0.3052477379398724,0.3513059205816988,A,0.34543652940602,0.2940256520379825,0.3605378185559974,False,False,False
Fold 3,1717,A,A,0.3631094235786151,0.2128245194085145,0.4240660570128702,A,0.3668794747429036,0.2281905831693523,0.4049299420877441,True,True,False
Fold 3,1718,H,H,0.5684866367079796,0.2693066541071907,0.1622067091848298,H,0.4990658121087922,0.2715621941707273,0.2293719937204804,True,True,False
Fold 3,1348,H,H,0.7049901870442576,0.1825925606330245,0.1124172523227177,H,0.612894256011041,0.2130298324176645,0.1740759115712943,True,True,False
Fold 3,978,D,H,0.4936132708426732,0.2215619737148212,0.2848247554425055,H,0.4508927565836975,0.2345722128266839,0.3145350305896184,False,False,False
Fold 3,979,A,A,0.2702200738555873,0.2350391110437247,0.494740815100688,A,0.2746555699518329,0.2389785930822351,0.486365836965932,True,True,False
Fold 3,980,A,A,0.3304662810686753,0.3071537259494827,0.3623799929818418,A,0.3511704032677319,0.2956155052470666,0.3532140914852015,True,True,False
Fold 3,981,A,A,0.2774712157968363,0.2809190206104561,0.4416097635927075,A,0.2874107308144175,0.2738349165719622,0.4387543526136203,True,True,False
Fold 3,659,A,H,0.5162453787795216,0.2451053172886933,0.2386493039317851,H,0.4841794154585019,0.2519051839218197,0.2639154006196783,False,False,False
Fold 3,660,A,H,0.4742615425224257,0.2892763195761886,0.2364621379013855,H,0.4483778018214187,0.2811902295906999,0.2704319685878814,False,False,False
Fold 3,661,D,A,0.1288934120821655,0.1527163765830693,0.7183902113347651,A,0.1300571281577818,0.162374228104123,0.7075686437380951,False,False,False
Fold 3,662,A,A,0.169737486011512,0.2070219395676132,0.6232405744208747,A,0.1727400519241143,0.2073656887739637,0.6198942593019219,True,True,False
Fold 3,1719,H,H,0.5740640249224913,0.2486716506044661,0.1772643244730425,H,0.5278133630432236,0.2545637970452105,0.2176228399115659,True,True,False
Fold 3,1349,D,H,0.4272259300685143,0.2632193097070817,0.3095547602244039,H,0.4053045485031992,0.2636566508583137,0.331038800638487,False,False,False
Fold 3,663,A,A,0.2499367147548394,0.2044197834549111,0.5456435017902495,A,0.2729619665804554,0.2245463294961625,0.5024917039233819,True,True,False
Fold 3,982,H,H,0.814379649395473,0.1095496115999464,0.0760707390045804,H,0.7398459727541221,0.1411997433228828,0.1189542839229951,True,True,False
Fold 3,1720,A,A,0.2864581001386442,0.2606940065529133,0.4528478933084425,A,0.2809703924954215,0.2588312089700906,0.4601983985344879,True,True,False
Fold 3,1721,H,H,0.5668430441082463,0.2708589808493746,0.1622979750423792,H,0.5600812999641922,0.2639099091996426,0.1760087908361651,True,True,False
Fold 3,1350,H,A,0.2087241659155648,0.2974875152563559,0.4937883188280792,A,0.2294094958600095,0.2904073626836859,0.4801831414563046,False,False,False
Fold 3,289,H,A,0.1308352978490448,0.3056421277428968,0.5635225744080583,A,0.1516120199714788,0.2869173593366815,0.5614706206918396,False,False,False
Fold 3,290,A,A,0.1619550019683591,0.143477841261307,0.6945671567703339,A,0.1424063131913694,0.1470170638343593,0.7105766229742713,True,True,False
Fold 3,291,H,A,0.3359475062670369,0.2125661252242064,0.4514863685087565,A,0.353186969133538,0.2248150419392797,0.4219979889271823,False,False,False
Fold 3,292,A,A,0.3488395972954791,0.2359550774231872,0.4152053252813337,A,0.3573241759043869,0.2516498224019536,0.3910260016936595,True,True,False
Fold 3,293,H,H,0.4385536251548446,0.1978472348170226,0.3635991400281329,H,0.3941195352307595,0.2127515887690378,0.3931288760002027,True,True,False
Fold 3,294,D,A,0.2480416164205385,0.1912472755470561,0.5607111080324053,A,0.2875418063552633,0.211896172188072,0.5005620214566646,False,False,False
Fold 3,295,H,H,0.4009169265012573,0.1992148604415169,0.3998682130572257,A,0.389015726223703,0.2171961134184068,0.3937881603578901,True,False,True
Fold 3,296,D,H,0.4126769473280573,0.2582223474823215,0.3291007051896211,H,0.4196612882890385,0.2577342551913047,0.3226044565196568,False,False,False
Fold 3,297,A,A,0.2267719105502577,0.1631227718402013,0.6101053176095409,A,0.2305440566799728,0.1792563716194703,0.5901995717005569,True,True,False
Fold 3,1722,H,H,0.5653748979957925,0.2864846578813624,0.148140444122845,H,0.5480565982244716,0.2743955042415799,0.1775478975339484,True,True,False
Fold 3,1351,A,H,0.6265793076476585,0.2132150937177436,0.1602055986345978,H,0.5935966849474729,0.2256237622542737,0.1807795527982534,False,False,False
Fold 3,664,H,H,0.3895179374037167,0.2832706295655664,0.3272114330307168,H,0.4317448960250222,0.268524805687051,0.2997302982879268,True,True,False
Fold 3,1723,H,A,0.2372037509464081,0.2211022730292302,0.5416939760243615,A,0.2479900878367317,0.2353943152431322,0.5166155969201361,False,False,False
Fold 3,1352,D,D,0.3687202722575775,0.4131046691739727,0.2181750585684496,D,0.3646697494500499,0.3768912735907576,0.2584389769591925,True,True,False
Fold 3,665,A,H,0.46822836735023,0.2269285347937372,0.3048430978560327,H,0.4398559514595564,0.2405487080697578,0.3195953404706858,False,False,False
Fold 3,666,A,H,0.3945398213844527,0.2152205848462364,0.3902395937693109,H,0.3998071327446932,0.2259886862602551,0.3742041809950516,False,False,False
Fold 3,667,D,H,0.4941217467016496,0.3393066487721479,0.1665716045262025,H,0.5194738221187154,0.3089199144716574,0.1716062634096271,False,False,False
Fold 3,983,A,H,0.44099336325299,0.3495030236923329,0.209503613054677,H,0.417243581052953,0.3240333234078403,0.2587230955392066,False,False,False
Fold 3,1724,H,H,0.6463799615289856,0.1751550125811141,0.1784650258899002,H,0.6020328312150567,0.1920775486301379,0.2058896201548053,True,True,False
Fold 3,668,D,H,0.5259814429841629,0.2402411120285447,0.2337774449872922,H,0.5066638379133824,0.2424795545153563,0.2508566075712612,False,False,False
Fold 3,984,D,H,0.4998257978946322,0.29430943465243,0.2058647674529376,H,0.4882913391676277,0.2828195238399036,0.2288891369924686,False,False,False
Fold 3,1353,A,A,0.2842562315157892,0.2750326446493651,0.4407111238348455,A,0.2929945646208284,0.2727765335305904,0.4342289018485811,True,True,False
Fold 3,1725,H,H,0.4926520714445525,0.3555462323439894,0.1518016962114578,H,0.4909464230730745,0.3258336268991518,0.1832199500277735,True,True,False
Fold 3,985,H,H,0.5096118746375692,0.1656130002264062,0.3247751251360246,H,0.4726020023524772,0.1937128822759635,0.3336851153715592,True,True,False
Fold 3,1354,D,H,0.617922673924237,0.2555052927556144,0.1265720333201484,H,0.5866128382298142,0.2572791157118521,0.1561080460583337,False,False,False
Fold 3,1726,D,H,0.6802427766388969,0.208850303118508,0.1109069202425951,H,0.6155129791335854,0.2228054058788985,0.161681614987516,False,False,False
Fold 3,1355,H,A,0.214763637025548,0.2783030700781186,0.5069332928963333,A,0.2375893997213859,0.280530877641753,0.4818797226368611,False,False,False
Fold 3,1356,H,A,0.2384281416460033,0.3617248126195068,0.3998470457344898,A,0.2709239381696668,0.3364090237321111,0.3926670380982219,False,False,False
Fold 3,1727,A,A,0.2342456949798677,0.1590315249250508,0.6067227800950816,A,0.2451969853471457,0.1853426576827007,0.5694603569701536,True,True,False
Fold 3,1728,A,A,0.2157214936173862,0.1962269451328655,0.5880515612497482,A,0.239078032880214,0.2168681032943059,0.54405386382548,True,True,False
Fold 3,1729,H,A,0.3329050808214039,0.2951179689313478,0.3719769502472482,A,0.346820002592268,0.2895784546118362,0.3636015427958957,False,False,False
Fold 3,1730,H,H,0.5869725845546342,0.2767474106396096,0.1362800048057561,H,0.5614264881360411,0.2694418171102026,0.1691316947537561,True,True,False
Fold 3,1731,H,A,0.2223500002128182,0.2897348402235211,0.4879151595636607,A,0.241691841941382,0.2869307298371874,0.4713774282214306,False,False,False
Fold 3,1732,H,H,0.7132523726523073,0.164242904216696,0.1225047231309966,H,0.6586659243891712,0.1873660970796687,0.15396797853116,True,True,False
Fold 3,1733,H,A,0.3026984482370628,0.2523715622530805,0.4449299895098567,A,0.2948079522850764,0.254150799674782,0.4510412480401415,False,False,False
Fold 3,1734,D,A,0.3016909131506973,0.1955167041789536,0.5027923826703492,A,0.2878503043611983,0.2138727431871362,0.4982769524516655,False,False,False
Fold 3,1735,A,A,0.2353500131098168,0.2697590849005313,0.4948909019896519,A,0.2203281843165562,0.2567846169498335,0.5228871987336102,True,True,False
Fold 3,1736,A,A,0.2155894573004467,0.3092489942796219,0.4751615484199313,A,0.2476533881272862,0.2952636366635385,0.4570829752091752,True,True,False
Fold 3,669,H,H,0.6077198239026299,0.2134753025175209,0.1788048735798491,H,0.5713060259891736,0.223718351052419,0.2049756229584074,True,True,False
Fold 3,670,H,H,0.5806340107624599,0.2560944851845857,0.1632715040529543,H,0.5434024679819309,0.2595603113711616,0.1970372206469075,True,True,False
Fold 3,986,A,H,0.3732703730667975,0.3225241873011963,0.3042054396320061,H,0.356590885929291,0.3020318558216103,0.3413772582490986,False,False,False
Fold 3,987,A,H,0.4204222614994825,0.2661148863857669,0.3134628521147506,H,0.4243723951932994,0.2581963075999506,0.31743129720675,False,False,False
Fold 3,988,D,A,0.2569937364230732,0.2540448745637629,0.4889613890131639,A,0.2687435273645593,0.2513360337409072,0.4799204388945335,False,False,False
Fold 3,989,H,H,0.5919606967942613,0.2565006356285169,0.1515386675772218,H,0.561004209262832,0.2537755821966219,0.1852202085405461,True,True,False
Fold 3,990,A,A,0.1823133591008245,0.1910145810210102,0.6266720598781653,A,0.169496197548617,0.1895604735899599,0.640943328861423,True,True,False
Fold 3,991,A,A,0.3235235083752613,0.3097325147018975,0.3667439769228412,A,0.3452671471862618,0.3003672271420614,0.3543656256716768,True,True,False
Fold 3,992,A,H,0.4105151131225326,0.2833419412686915,0.3061429456087758,H,0.3901032353127929,0.275104150181955,0.334792614505252,False,False,False
Fold 3,993,A,A,0.2334855812319568,0.2657535770605402,0.5007608417075029,A,0.2432525427882048,0.2622748184294363,0.4944726387823587,True,True,False
Fold 3,994,A,H,0.4275756797319734,0.3127987247379216,0.259625595530105,H,0.4111503263667606,0.304414887830172,0.2844347858030673,False,False,False
Fold 3,1357,A,A,0.1978600429070276,0.2844866577914003,0.5176532993015721,A,0.1989832854477202,0.2715474489622804,0.5294692655899994,True,True,False
Fold 3,298,H,H,0.5454261066645253,0.2708017733055167,0.183772120029958,H,0.5255930654154954,0.2703560473159262,0.2040508872685782,True,True,False
Fold 3,299,H,H,0.789460005660272,0.0988501839552155,0.1116898103845123,H,0.7151239951828067,0.137586055953821,0.1472899488633722,True,True,False
Fold 3,300,H,H,0.5548544209719841,0.2158753160926323,0.2292702629353835,H,0.5199862736783685,0.2269138431262746,0.2530998831953568,True,True,False
Fold 3,301,H,H,0.4982078669884138,0.3394651244021052,0.162327008609481,H,0.488430163895232,0.3197663390733232,0.1918034970314449,True,True,False
Fold 3,302,H,H,0.4296041389710982,0.2606968397760529,0.3096990212528487,H,0.4193803306050721,0.2603281962505222,0.3202914731444056,True,True,False
Fold 3,303,H,H,0.8524369713932938,0.0713902686443575,0.0761727599623486,H,0.7672988757334924,0.1158228475781586,0.1168782766883488,True,True,False
Fold 3,304,A,H,0.5831701600295982,0.2945953244584756,0.1222345155119262,H,0.5704768697718867,0.2783683845029958,0.1511547457251174,False,False,False
Fold 3,305,H,A,0.2789655121250277,0.3480197336483602,0.373014754226612,A,0.2702651613988004,0.3171549879235551,0.4125798506776445,False,False,False
Fold 3,306,A,H,0.4095633960617963,0.2710920712980674,0.3193445326401362,H,0.3699481383770112,0.2614980923855953,0.3685537692373934,False,False,False
Fold 3,671,H,H,0.5064051779680688,0.281436988379346,0.2121578336525852,H,0.5119779038148242,0.2725648279967753,0.2154572681884005,True,True,False
Fold 3,672,A,H,0.406428226093895,0.306036997276747,0.2875347766293579,H,0.3625250262327108,0.2893123850601877,0.3481625887071015,False,False,False
Fold 3,673,H,A,0.254730833334622,0.3272486661629599,0.4180205005024181,A,0.2655492164067046,0.3106887059543278,0.4237620776389675,False,False,False
Fold 3,674,A,H,0.4552566953096237,0.2400874941516453,0.304655810538731,H,0.4452540683817601,0.2475766649246143,0.3071692666936256,False,False,False
Fold 3,675,H,H,0.3971687275812258,0.3098446889096234,0.2929865835091506,H,0.3866509639131059,0.2966075258567225,0.3167415102301716,True,True,False
Fold 3,1737,A,H,0.826303313704484,0.0939639041442031,0.0797327821513128,H,0.7331478750009326,0.1345525278037602,0.1322995971953071,False,False,False
Fold 3,1738,H,A,0.2985572289404602,0.2321793462437147,0.4692634248158251,A,0.3198877293398338,0.2408999253647514,0.4392123452954147,False,False,False
Fold 3,1739,A,D,0.2809845157813956,0.4380683496658574,0.2809471345527468,D,0.2892587182253307,0.3885525433765272,0.322188738398142,False,False,False
Fold 3,1740,A,H,0.3959662802633165,0.3423100323719699,0.2617236873647136,H,0.3879195017243462,0.3197120792494339,0.2923684190262198,False,False,False
Fold 3,1741,A,A,0.2160210703293485,0.1718244989048514,0.6121544307658,A,0.2279154387742571,0.1969578217744239,0.5751267394513189,True,True,False
Fold 3,1742,A,H,0.4739742527520691,0.2914825693228751,0.2345431779250556,H,0.4600466926555432,0.2828017017668672,0.2571516055775896,False,False,False
Fold 3,1743,H,H,0.4105826696972774,0.2147583640281949,0.3746589662745276,H,0.3868432128661561,0.2323522613283671,0.3808045258054769,True,True,False
Fold 3,1744,A,A,0.2253912048499817,0.1876559402063207,0.5869528549436976,A,0.2197551032345368,0.2010379440201558,0.5792069527453074,True,True,False
Fold 3,1745,H,H,0.4173936626020968,0.2971345429338404,0.2854717944640628,H,0.3960227098304555,0.2908940545508103,0.3130832356187342,True,True,False
Fold 3,1746,A,H,0.3812889497712973,0.3700873699626522,0.2486236802660504,H,0.3793603599451326,0.342803599667498,0.2778360403873692,False,False,False
Fold 3,1358,H,A,0.3505490397466994,0.2565353892584424,0.3929155709948581,A,0.3585043348510893,0.2635792729251137,0.3779163922237968,False,False,False
Fold 3,1359,H,H,0.5281397053424908,0.2912312082734168,0.1806290863840924,H,0.5027769234611408,0.2845874639006561,0.2126356126382031,True,True,False
Fold 3,1360,H,H,0.3872613398250642,0.3164603989440427,0.2962782612308931,H,0.378462401243539,0.3057528397185689,0.315784759037892,True,True,False
Fold 3,1361,H,H,0.3723455215705221,0.2803028040665996,0.3473516743628783,H,0.3732397401978081,0.2785875593582951,0.3481727004438968,True,True,False
Fold 3,1362,D,A,0.1557635877372945,0.2001296119626296,0.6441068003000759,A,0.1730440892761423,0.2180168875957567,0.6089390231281009,False,False,False
Fold 3,1363,D,H,0.5268228724915847,0.2957179506677249,0.1774591768406904,H,0.4964498316851373,0.2842158897482598,0.2193342785666027,False,False,False
Fold 3,1364,D,A,0.1845636409699692,0.2555069525347666,0.5599294064952642,A,0.2058423023647553,0.2575813955792596,0.536576302055985,False,False,False
Fold 3,1365,H,A,0.2749374908890223,0.3319890504700035,0.3930734586409741,A,0.2778833223300731,0.3127044972212884,0.4094121804486383,False,False,False
Fold 3,1366,A,A,0.3703424805858838,0.2543788900143763,0.3752786293997397,A,0.3565119866686825,0.2594462781796693,0.384041735151648,True,True,False
Fold 3,676,H,A,0.2604239606426759,0.2387590164201619,0.5008170229371621,A,0.2582078495547616,0.2368920695610213,0.504900080884217,False,False,False
Fold 3,677,H,H,0.6517877917713565,0.2379766130939831,0.1102355951346603,H,0.5878412092744726,0.2432746793672405,0.1688841113582869,True,True,False
Fold 3,678,H,A,0.2833586164296822,0.272846774563619,0.4437946090066987,A,0.3058079227418762,0.2731548596884285,0.4210372175696952,False,False,False
Fold 3,307,D,A,0.2669421307599218,0.3432531627656833,0.3898047064743949,H,0.4604347277890731,0.2583146550797722,0.2812506171311548,False,False,True
Fold 3,995,D,D,0.3631792735296298,0.364492327816467,0.272328398653903,A,0.2683911268333612,0.3011792717629972,0.4304296014036416,True,False,True
Fold 3,1367,H,H,0.7126541253733031,0.1866082534712291,0.1007376211554678,H,0.6463538088477822,0.2096441143904432,0.1440020767617746,True,True,False
Fold 3,1368,A,H,0.4462757357314062,0.2774887481474277,0.2762355161211661,H,0.4054394424650549,0.2754630852411203,0.3190974722938248,False,False,False
Fold 3,1747,D,H,0.4828271906320629,0.2804673245271128,0.2367054848408243,H,0.4599331089879847,0.275369151102301,0.2646977399097143,False,False,False
Fold 3,1748,H,H,0.7698877569080501,0.1479417687288376,0.0821704743631123,H,0.7054703954545546,0.1735130940771288,0.1210165104683165,True,True,False
Fold 3,1369,A,H,0.6670666620217859,0.1958583967170186,0.1370749412611954,H,0.6126732208228239,0.2155897771503143,0.1717370020268617,False,False,False
Fold 3,1749,H,H,0.5321405690181037,0.2693161308166665,0.1985433001652297,H,0.5163474129301668,0.2659212323992003,0.2177313546706328,True,True,False
Fold 3,1750,H,H,0.4760530738512299,0.2874116326012792,0.2365352935474908,H,0.4602097426871813,0.2834348317150174,0.2563554255978013,True,True,False
Fold 3,1370,H,H,0.6131434632852298,0.2744051518962004,0.1124513848185697,H,0.597798634803832,0.2625904811918543,0.1396108840043137,True,True,False
Fold 3,1751,D,A,0.3150870041059225,0.3239033111517362,0.3610096847423413,A,0.3125949318710091,0.3128672931000639,0.3745377750289271,False,False,False
Fold 3,1752,A,A,0.189967207566709,0.1934518971922392,0.6165808952410518,A,0.2255930831590039,0.2143332331956561,0.5600736836453398,True,True,False
Fold 3,1753,D,H,0.5624767309375307,0.2151919372305526,0.2223313318319167,H,0.5064879078829515,0.2329655240047734,0.260546568112275,False,False,False
Fold 3,1754,A,A,0.2736498070848197,0.227132322255128,0.4992178706600522,A,0.2641916806659649,0.2366941758557154,0.4991141434783198,True,True,False
Fold 3,1755,H,H,0.4041023631761288,0.4035385807075459,0.1923590561163254,H,0.427965016336593,0.3600400957900106,0.2119948878733963,True,True,False
Fold 3,679,H,A,0.2629298303514026,0.2511999632277705,0.4858702064208269,A,0.2578369894297893,0.2544864070418856,0.4876766035283251,False,False,False
Fold 3,680,A,H,0.6648730664805694,0.207495952897219,0.1276309806222115,H,0.6206937622155844,0.2181638104488587,0.1611424273355569,False,False,False
Fold 3,681,H,H,0.5027963175846925,0.2688183800122792,0.2283853024030282,H,0.5008307152087211,0.2657812569196843,0.2333880278715945,True,True,False
Fold 3,682,A,A,0.2268356314702158,0.3289699978164835,0.4441943707133007,A,0.2413276522540731,0.3057558612499315,0.4529164864959953,True,True,False
Fold 3,683,D,H,0.5661822727273469,0.278857713113733,0.1549600141589201,H,0.487005084220904,0.2743388886567851,0.2386560271223108,False,False,False
Fold 3,684,D,H,0.7461597941044543,0.1570131678316437,0.0968270380639019,H,0.6803618819615672,0.1783371789831342,0.1413009390552984,False,False,False
Fold 3,685,A,A,0.1970007195880165,0.1913592629736663,0.6116400174383172,A,0.1797294157121245,0.1946190729227727,0.6256515113651028,True,True,False
Fold 3,686,A,A,0.1991679811814851,0.1829221998922517,0.6179098189262631,A,0.2262434885626211,0.2018154948939426,0.5719410165434363,True,True,False
Fold 3,687,A,A,0.1806390428739862,0.2848457588202402,0.5345151983057735,A,0.2089412184445233,0.2727963709385797,0.5182624106168969,True,True,False
Fold 3,688,A,A,0.3531517204523505,0.2812309455169833,0.3656173340306661,H,0.3636225168769114,0.2770980122052168,0.3592794709178716,True,False,True
Fold 3,1371,A,H,0.6429161504118651,0.191064087523867,0.1660197620642677,H,0.5869403432481408,0.2145313116159269,0.1985283451359322,False,False,False
Fold 3,1372,A,A,0.2931247450705985,0.2148922698410167,0.4919829850883848,A,0.2914942636581031,0.2312872121937478,0.4772185241481492,True,True,False
Fold 3,1373,A,H,0.6277219763314495,0.2251284617429666,0.1471495619255838,H,0.5793249885091255,0.2383884089017815,0.182286602589093,False,False,False
Fold 3,1374,A,A,0.2000431390167944,0.2688942351933516,0.5310626257898539,A,0.2268659698389935,0.2702353928768829,0.5028986372841237,True,True,False
Fold 3,1375,A,D,0.3013337277658761,0.4378298359521557,0.2608364362819681,D,0.3107932744830131,0.3938862224168005,0.2953205031001865,False,False,False
Fold 3,1376,A,A,0.2589862743628175,0.2646049754003159,0.4764087502368667,A,0.2662612318610282,0.2670821461297505,0.4666566220092213,True,True,False
Fold 3,1756,A,A,0.2626807143064008,0.2854368715538178,0.4518824141397814,A,0.261192797876433,0.2799281865620541,0.4588790155615129,True,True,False
Fold 3,996,A,H,0.3784030613088134,0.2552670851797886,0.366329853511398,H,0.533620625198395,0.1990240265758868,0.2673553482257182,False,False,False
Fold 3,308,A,H,0.4477069153711423,0.3024985443310085,0.2497945402978492,A,0.3310195875219286,0.2677879814592544,0.4011924310188169,False,True,True
Fold 3,3129,H,D,0.3553706141546727,0.3755705984894956,0.2690587873558316,H,0.3517549719714695,0.3509224806092851,0.2973225474192453,False,True,True
Fold 3,3130,H,A,0.2955288747537165,0.1892592979522275,0.515211827294056,A,0.308151747091254,0.2136445977121387,0.4782036551966071,False,False,False
Fold 3,3131,D,A,0.2718774508834757,0.2537792454007671,0.4743433037157572,H,0.4540540292777845,0.2001919282230201,0.3457540424991954,False,False,True
Fold 3,3132,H,H,0.3957724042816677,0.375716991172419,0.2285106045459132,A,0.2945221274256696,0.3203074714932812,0.3851704010810492,True,False,True
