fold,draw_weight,fixture_id,kickoff,home_team_id,away_team_id,actual,prediction,p_home,p_draw,p_away,confidence,best_iteration,features_count,correct,max_non_draw,draw_rank
Fold 3,1.0,1352,2025-05-11 13:00:00,71,76,D,D,0.3687202722575775,0.4131046691739727,0.2181750585684496,0.4131046691739727,273,60,True,0.3687202722575775,1.0
Fold 3,1.0,1345,2025-05-04 18:45:00,68,65,D,D,0.3878786833356064,0.388261431309627,0.2238598853547665,0.388261431309627,273,60,True,0.3878786833356064,1.0
Fold 3,1.0,995,2025-05-22 18:30:00,54,58,D,D,0.3631792735296298,0.364492327816467,0.272328398653903,0.364492327816467,273,60,True,0.3631792735296298,1.0
Fold 3,1.0,971,2025-05-03 13:30:00,55,43,D,A,0.1779003267985922,0.3452828074410993,0.4768168657603085,0.4768168657603085,273,60,False,0.4768168657603085,2.0
Fold 3,1.0,307,2025-05-21 18:00:00,37,30,D,A,0.2669421307599218,0.3432531627656833,0.3898047064743949,0.3898047064743949,273,60,False,0.3898047064743949,2.0
Fold 3,1.0,975,2025-05-04 15:30:00,41,48,D,A,0.2109429517214094,0.3427012373299626,0.4463558109486277,0.4463558109486277,273,60,False,0.4463558109486277,2.0
Fold 3,1.0,1713,2025-05-04 14:15:00,85,86,D,H,0.4481218282804768,0.339556360607893,0.2123218111116301,0.4481218282804768,273,60,False,0.4481218282804768,2.0
Fold 3,1.0,667,2025-05-11 13:15:00,19,10,D,H,0.4941217467016496,0.3393066487721479,0.1665716045262025,0.4941217467016496,273,60,False,0.4941217467016496,2.0
Fold 2,1.0,1312,2025-04-13 13:00:00,69,75,D,H,0.4086679578021616,0.3276966741451913,0.2636353680526471,0.4086679578021616,44,60,False,0.4086679578021616,2.0
Fold 1,1.0,883,2025-02-15 17:30:00,48,40,D,A,0.2535937896059255,0.3273655685658654,0.4190406418282091,0.4190406418282091,48,60,False,0.4190406418282091,2.0
Fold 3,1.0,1751,2025-05-24 19:00:00,90,96,D,A,0.3150870041059225,0.3239033111517362,0.3610096847423413,0.3610096847423413,273,60,False,0.3610096847423413,2.0
Fold 2,1.0,256,2025-04-12 19:05:00,32,27,D,H,0.3988633578159297,0.3188728802740774,0.2822637619099928,0.3988633578159297,44,60,False,0.3988633578159297,2.0
Fold 2,1.0,1665,2025-03-31 19:00:00,87,84,D,H,0.4739581463428548,0.3162294129824621,0.209812440674683,0.4739581463428548,44,60,False,0.4739581463428548,2.0
Fold 3,1.0,651,2025-05-03 14:00:00,9,18,D,H,0.4422835794772804,0.3129168444955978,0.2447995760271217,0.4422835794772804,273,60,False,0.4422835794772804,2.0
Fold 3,1.0,976,2025-05-04 17:30:00,45,49,D,A,0.3272846009897054,0.311675112146802,0.3610402868634925,0.3610402868634925,273,60,False,0.3610402868634925,3.0
Fold 1,1.0,893,2025-02-23 14:30:00,52,54,D,H,0.4738287173247114,0.3091870903007465,0.216984192374542,0.4738287173247114,48,60,False,0.4738287173247114,2.0
Fold 3,1.0,658,2025-05-05 19:00:00,16,19,D,H,0.3862215606402529,0.3023363515657718,0.3114420877939752,0.3862215606402529,273,60,False,0.3862215606402529,3.0
Fold 1,1.0,1234,2025-02-09 19:45:00,62,63,D,H,0.4108539549990102,0.3020916815283809,0.2870543634726089,0.4108539549990102,48,60,False,0.4108539549990102,2.0
Fold 2,1.0,608,2025-04-05 11:30:00,9,8,D,A,0.327625057734222,0.2982272052432149,0.374147737022563,0.374147737022563,44,60,False,0.374147737022563,3.0
Fold 1,1.0,872,2025-02-08 14:30:00,45,50,D,H,0.4044432744992702,0.2971349739618215,0.2984217515389081,0.4044432744992702,48,60,False,0.4044432744992702,3.0
Fold 3,1.0,1363,2025-05-18 18:45:00,72,59,D,H,0.5268228724915847,0.2957179506677249,0.1774591768406904,0.5268228724915847,273,60,False,0.5268228724915847,2.0
Fold 3,1.0,984,2025-05-11 15:30:00,49,56,D,H,0.4998257978946322,0.29430943465243,0.2058647674529376,0.4998257978946322,273,60,False,0.4998257978946322,2.0
Fold 1,1.0,878,2025-02-14 19:30:00,50,52,D,A,0.3361403076488692,0.2931617179758317,0.3706979743752991,0.3706979743752991,48,60,False,0.3706979743752991,3.0
Fold 2,1.0,1301,2025-04-06 10:30:00,76,74,D,H,0.3863521141227531,0.2927190697362126,0.3209288161410342,0.3863521141227531,44,60,False,0.3863521141227531,3.0
Fold 1,1.0,866,2025-02-01 17:30:00,55,52,D,A,0.3090578188343684,0.2916911367703055,0.3992510443953261,0.3992510443953261,48,60,False,0.3992510443953261,3.0
Fold 1,1.0,1222,2025-02-02 17:00:00,60,72,D,A,0.260095235720288,0.2910228761020851,0.4488818881776268,0.4488818881776268,48,60,False,0.4488818881776268,2.0
Fold 2,1.0,1313,2025-04-13 13:00:00,71,64,D,A,0.3007548906512103,0.2900812419281517,0.4091638674206377,0.4091638674206377,44,60,False,0.4091638674206377,3.0
Fold 2,1.0,1649,2025-03-15 20:00:00,93,82,D,H,0.3990550519909743,0.2899586775814567,0.3109862704275689,0.3990550519909743,44,60,False,0.3990550519909743,3.0
Fold 2,1.0,1675,2025-04-07 19:00:00,86,96,D,A,0.344424500595263,0.2894167485141816,0.3661587508905555,0.3661587508905555,44,60,False,0.3661587508905555,3.0
Fold 2,1.0,1315,2025-04-13 18:45:00,59,66,D,A,0.3506879525716774,0.2891845891984297,0.3601274582298929,0.3601274582298929,44,60,False,0.3601274582298929,3.0
Fold 2,1.0,1674,2025-04-06 19:00:00,83,81,D,A,0.3319448003382802,0.2888474707631881,0.3792077288985316,0.3792077288985316,44,60,False,0.3792077288985316,3.0
Fold 1,1.0,1611,2025-02-15 20:00:00,83,82,D,H,0.4679495775744802,0.2869246331803847,0.245125789245135,0.4679495775744802,48,60,False,0.4679495775744802,2.0
Fold 2,1.0,609,2025-04-05 14:00:00,12,3,D,A,0.3235209762706298,0.2867305024786531,0.389748521250717,0.389748521250717,44,60,False,0.389748521250717,3.0
Fold 2,1.0,1302,2025-04-06 13:00:00,70,71,D,H,0.476797734410947,0.286378930552485,0.2368233350365679,0.476797734410947,44,60,False,0.476797734410947,2.0
Fold 1,1.0,1606,2025-02-10 20:00:00,98,96,D,H,0.4494553793252144,0.2850977177549705,0.265446902919815,0.4494553793252144,48,60,False,0.4494553793252144,2.0
Fold 2,1.0,1657,2025-03-29 15:15:00,88,80,D,A,0.2900927847216235,0.2831998338823486,0.4267073813960279,0.4267073813960279,44,60,False,0.4267073813960279,3.0
Fold 2,1.0,927,2025-03-29 14:30:00,47,50,D,H,0.3724716477196769,0.2804744810648589,0.3470538712154641,0.3724716477196769,44,60,False,0.3724716477196769,3.0
Fold 3,1.0,1747,2025-05-23 19:00:00,91,82,D,H,0.4828271906320629,0.2804673245271128,0.2367054848408243,0.4828271906320629,273,60,False,0.4828271906320629,2.0
Fold 2,1.0,1305,2025-04-06 18:45:00,66,65,D,H,0.4724099889002232,0.2794748427473952,0.2481151683523815,0.4724099889002232,44,60,False,0.4724099889002232,2.0
Fold 3,1.0,683,2025-05-25 15:00:00,5,17,D,H,0.5661822727273469,0.278857713113733,0.1549600141589201,0.5661822727273469,273,60,False,0.5661822727273469,2.0
Fold 3,1.0,977,2025-05-09 18:30:00,42,47,D,A,0.3008658700157529,0.278784307291347,0.4203498226929,0.4203498226929,273,60,False,0.4203498226929,3.0
Fold 1,1.0,1608,2025-02-15 13:00:00,86,90,D,H,0.3664977701853912,0.2780843045399298,0.3554179252746788,0.3664977701853912,48,60,False,0.3664977701853912,3.0
Fold 2,1.0,1303,2025-04-06 13:00:00,73,61,D,A,0.2942339845178099,0.2774619143623842,0.4283041011198059,0.4283041011198059,44,60,False,0.4283041011198059,3.0
Fold 2,1.0,631,2025-04-19 14:00:00,16,3,D,A,0.3317160331336057,0.2774401254019868,0.3908438414644075,0.3908438414644075,44,60,False,0.3908438414644075,3.0
Fold 2,1.0,1306,2025-04-07 18:45:00,68,62,D,H,0.4631682994213881,0.2764713774806054,0.2603603230980064,0.4631682994213881,44,60,False,0.4631682994213881,2.0
Fold 2,1.0,952,2025-04-19 13:30:00,45,42,D,H,0.4391756160044009,0.2761286059235612,0.2846957780720378,0.4391756160044009,44,60,False,0.4391756160044009,3.0
Fold 2,1.0,603,2025-04-02 18:45:00,7,16,D,A,0.3018547078378844,0.2759518407897388,0.4221934513723768,0.4221934513723768,44,60,False,0.4221934513723768,3.0
Fold 1,1.0,1601,2025-02-08 20:00:00,89,80,D,H,0.4749340081843151,0.2758423402919837,0.2492236515237013,0.4749340081843151,48,60,False,0.4749340081843151,2.0
Fold 1,1.0,875,2025-02-08 17:30:00,44,49,D,H,0.4183390012661229,0.2752161089566869,0.3064448897771902,0.4183390012661229,48,60,False,0.4183390012661229,3.0
Fold 3,1.0,969,2025-05-03 13:30:00,44,47,D,H,0.3882469632720299,0.2750633755319906,0.3366896611959795,0.3882469632720299,273,60,False,0.3882469632720299,3.0
Fold 3,1.0,288,2025-05-04 18:45:00,22,24,D,H,0.4219237849737095,0.2745567452027733,0.3035194698235171,0.4219237849737095,273,60,False,0.4219237849737095,3.0
Fold 1,1.0,888,2025-02-22 14:30:00,42,53,D,H,0.3832997201219533,0.2734128098802078,0.3432874699978389,0.3832997201219533,48,60,False,0.3832997201219533,3.0
Fold 2,1.0,233,2025-03-16 16:15:00,34,30,D,H,0.5154004715486945,0.27335093644906,0.2112485920022454,0.5154004715486945,44,60,False,0.5154004715486945,2.0
Fold 1,1.0,1627,2025-02-28 20:00:00,95,84,D,A,0.3066364223645019,0.2716018416973927,0.4217617359381052,0.4217617359381052,48,60,False,0.4217617359381052,3.0
Fold 1,1.0,559,2025-02-19 19:30:00,20,6,D,A,0.2562745458225742,0.271357685297145,0.4723677688802808,0.4723677688802808,48,60,False,0.4723677688802808,2.0
Fold 2,1.0,939,2025-04-06 13:30:00,56,44,D,A,0.266522829229633,0.2694630673107409,0.4640141034596262,0.4640141034596262,44,60,False,0.4640141034596262,2.0
Fold 1,1.0,1233,2025-02-09 17:00:00,76,68,D,A,0.2407281023217572,0.2687913827327476,0.490480514945495,0.490480514945495,48,60,False,0.490480514945495,2.0
Fold 2,1.0,1653,2025-03-16 17:30:00,97,94,D,H,0.5051487625606885,0.268072152549013,0.2267790848902984,0.5051487625606885,44,60,False,0.5051487625606885,2.0
Fold 1,1.0,176,2025-02-02 14:00:00,33,27,D,A,0.3551454643232059,0.2676345701562912,0.3772199655205029,0.3772199655205029,48,60,False,0.3772199655205029,3.0
Fold 2,1.0,615,2025-04-06 13:00:00,17,13,D,A,0.2901773167123259,0.2667764179228501,0.4430462653648239,0.4430462653648239,44,60,False,0.4430462653648239,3.0
Fold 2,1.0,257,2025-04-13 13:00:00,39,34,D,A,0.2916944676419854,0.2664724683160489,0.4418330640419658,0.4418330640419658,44,60,False,0.4418330640419658,3.0
Fold 2,1.0,622,2025-04-12 16:30:00,8,17,D,H,0.5107261876371509,0.2661302623290031,0.2231435500338458,0.5107261876371509,44,60,False,0.5107261876371509,2.0
Fold 2,1.0,1687,2025-04-19 12:00:00,97,82,D,H,0.3777148663571325,0.26571623452687,0.3565688991159975,0.3777148663571325,44,60,False,0.3777148663571325,3.0
Fold 2,1.0,1295,2025-03-31 16:30:00,71,75,D,A,0.3646246698086322,0.2653367619348856,0.3700385682564821,0.3700385682564821,44,60,False,0.3700385682564821,3.0
Fold 1,1.0,1628,2025-03-01 13:00:00,93,87,D,H,0.4108236657221955,0.2652908328332297,0.3238855014445748,0.4108236657221955,48,60,False,0.4108236657221955,3.0
Fold 1,1.0,205,2025-02-23 16:15:00,32,34,D,H,0.4281794086334,0.2645353631732509,0.3072852281933491,0.4281794086334,48,60,False,0.4281794086334,3.0
Fold 2,1.0,630,2025-04-19 14:00:00,12,7,D,H,0.4885544534619193,0.2641482687733184,0.2472972777647623,0.4885544534619193,44,60,False,0.4885544534619193,2.0
Fold 1,1.0,1609,2025-02-15 15:15:00,96,89,D,A,0.2307161061126804,0.2639898139930033,0.5052940798943162,0.5052940798943162,48,60,False,0.5052940798943162,2.0
Fold 1,1.0,1626,2025-02-24 20:00:00,85,98,D,H,0.4871344184670965,0.2639723486217784,0.2488932329111252,0.4871344184670965,48,60,False,0.4871344184670965,2.0
Fold 1,1.0,576,2025-02-26 19:30:00,17,9,D,H,0.451406771966132,0.2638434417204543,0.2847497863134136,0.451406771966132,48,60,False,0.451406771966132,3.0
Fold 1,1.0,177,2025-02-02 16:15:00,21,36,D,H,0.4997624369430257,0.2635955001506559,0.2366420629063183,0.4997624369430257,48,60,False,0.4997624369430257,2.0
Fold 3,1.0,1349,2025-05-10 16:00:00,59,65,D,H,0.4272259300685143,0.2632193097070817,0.3095547602244039,0.4272259300685143,273,60,False,0.4272259300685143,3.0
Fold 1,1.0,561,2025-02-22 12:30:00,9,1,D,H,0.4221851898000981,0.261968785230792,0.3158460249691098,0.4221851898000981,48,60,False,0.4221851898000981,3.0
Fold 1,1.0,895,2025-02-23 18:30:00,47,51,D,A,0.3187574150299342,0.2613288039139351,0.4199137810561306,0.4199137810561306,48,60,False,0.4199137810561306,3.0
Fold 1,1.0,1612,2025-02-16 13:00:00,88,81,D,A,0.293296360988049,0.2609505374707636,0.4457531015411874,0.4457531015411874,48,60,False,0.4457531015411874,3.0
Fold 1,1.0,1610,2025-02-15 17:30:00,80,87,D,H,0.5346975884596182,0.2606744284619754,0.2046279830784062,0.5346975884596182,48,60,False,0.5346975884596182,2.0
Fold 1,1.0,577,2025-02-26 19:30:00,19,8,D,A,0.2705827684494009,0.2591139413559826,0.4703032901946166,0.4703032901946166,48,60,False,0.4703032901946166,3.0
Fold 1,1.0,871,2025-02-08 14:30:00,42,48,D,A,0.2498368340014302,0.2590255603492215,0.4911376056493484,0.4911376056493484,48,60,False,0.4911376056493484,2.0
Fold 1,1.0,1229,2025-02-08 19:45:00,70,64,D,H,0.4559589625019169,0.2587597122400544,0.2852813252580286,0.4559589625019169,48,60,False,0.4559589625019169,3.0
Fold 3,1.0,296,2025-05-10 19:00:00,35,26,D,H,0.4126769473280573,0.2582223474823215,0.3291007051896211,0.4126769473280573,273,60,False,0.4126769473280573,3.0
Fold 3,1.0,1364,2025-05-18 18:45:00,75,62,D,A,0.1845636409699692,0.2555069525347666,0.5599294064952642,0.5599294064952642,273,60,False,0.5599294064952642,2.0
Fold 3,1.0,1354,2025-05-11 18:45:00,62,64,D,H,0.617922673924237,0.2555052927556144,0.1265720333201484,0.617922673924237,273,60,False,0.617922673924237,2.0
Fold 2,1.0,1282,2025-03-16 11:30:00,74,62,D,A,0.2572781730714234,0.2548789710034089,0.4878428559251677,0.4878428559251677,44,60,False,0.4878428559251677,3.0
Fold 1,1.0,188,2025-02-09 16:15:00,35,33,D,A,0.3302931560655648,0.2542318587884472,0.4154749851459879,0.4154749851459879,48,60,False,0.4154749851459879,3.0
Fold 1,1.0,201,2025-02-22 18:00:00,39,21,D,H,0.3877543684792177,0.2541571142597747,0.3580885172610076,0.3877543684792177,48,60,False,0.3877543684792177,3.0
Fold 3,1.0,988,2025-05-17 13:30:00,45,48,D,A,0.2569937364230732,0.2540448745637629,0.4889613890131639,0.4889613890131639,273,60,False,0.4889613890131639,3.0
Fold 3,1.0,3131,2026-08-16 15:00:00,117,83,D,A,0.2718774508834757,0.2537792454007671,0.4743433037157572,0.4743433037157572,273,60,False,0.4743433037157572,3.0
Fold 2,1.0,934,2025-04-05 13:30:00,45,57,D,H,0.5495130445913198,0.2537421027900241,0.1967448526186561,0.5495130445913198,44,60,False,0.5495130445913198,2.0
Fold 1,1.0,548,2025-02-12 19:30:00,9,6,D,A,0.2432432778397322,0.2535499592088229,0.503206762951445,0.503206762951445,48,60,False,0.503206762951445,2.0
Fold 2,1.0,1300,2025-04-05 18:45:00,60,69,D,H,0.4857077989324387,0.2515436153184735,0.2627485857490877,0.4857077989324387,44,60,False,0.4857077989324387,3.0
Fold 1,1.0,1595,2025-02-02 20:00:00,91,81,D,H,0.4297243748888066,0.2507762349088797,0.3194993902023136,0.4297243748888066,48,60,False,0.4297243748888066,3.0
Fold 1,1.0,876,2025-02-09 14:30:00,57,53,D,A,0.3693391541146996,0.2505741876954582,0.3800866581898421,0.3800866581898421,48,60,False,0.3800866581898421,3.0
Fold 2,1.0,616,2025-04-06 15:30:00,1,14,D,A,0.292459173009006,0.2502621773773555,0.4572786496136385,0.4572786496136385,44,60,False,0.4572786496136385,3.0
Fold 1,1.0,1238,2025-02-15 17:00:00,59,62,D,H,0.3856407387271325,0.249547728716163,0.3648115325567044,0.3856407387271325,48,60,False,0.3856407387271325,3.0
Fold 1,1.0,555,2025-02-15 15:00:00,20,18,D,H,0.5707557652998564,0.2477026490218742,0.1815415856782694,0.5707557652998564,48,60,False,0.5707557652998564,2.0
Fold 1,1.0,1242,2025-02-16 14:00:00,78,76,D,H,0.3833358718432944,0.2471152809611298,0.3695488471955758,0.3833358718432944,48,60,False,0.3833358718432944,3.0
Fold 2,1.0,1662,2025-03-30 16:30:00,81,96,D,H,0.5552723683793132,0.246371104076856,0.1983565275438308,0.5552723683793132,44,60,False,0.5552723683793132,2.0
Fold 1,1.0,190,2025-02-14 19:45:00,34,35,D,H,0.5351583967738259,0.2428172014580158,0.2220244017681583,0.5351583967738259,48,60,False,0.5351583967738259,2.0
Fold 1,1.0,1223,2025-02-02 19:45:00,66,62,D,H,0.3940161415905294,0.2427409635168521,0.3632428948926185,0.3940161415905294,48,60,False,0.3940161415905294,3.0
Fold 1,1.0,867,2025-02-02 14:30:00,49,42,D,H,0.4849840446573796,0.241882668202344,0.2731332871402762,0.4849840446573796,48,60,False,0.4849840446573796,3.0
Fold 3,1.0,668,2025-05-11 15:30:00,6,8,D,H,0.5259814429841629,0.2402411120285447,0.2337774449872922,0.5259814429841629,273,60,False,0.5259814429841629,2.0
Fold 1,1.0,1247,2025-02-22 14:00:00,74,59,D,A,0.2344087342787434,0.2362744965236871,0.5293167691975694,0.5293167691975694,48,60,False,0.5293167691975694,2.0
Fold 2,1.0,625,2025-04-13 13:00:00,13,18,D,H,0.6055220306467161,0.2355454235782685,0.1589325457750154,0.6055220306467161,44,60,False,0.6055220306467161,2.0
Fold 3,1.0,970,2025-05-03 13:30:00,52,40,D,A,0.1894558202534373,0.2339839172202454,0.5765602625263173,0.5765602625263173,273,60,False,0.5765602625263173,2.0
Fold 3,1.0,655,2025-05-04 13:00:00,15,2,D,H,0.3892109361959094,0.2338166700650167,0.3769723937390737,0.3892109361959094,273,60,False,0.3892109361959094,3.0
Fold 2,1.0,1296,2025-03-31 18:45:00,59,70,D,H,0.5362840999447789,0.2326089127401477,0.2311069873150734,0.5362840999447789,44,60,False,0.5362840999447789,2.0
Fold 2,1.0,953,2025-04-19 13:30:00,52,57,D,H,0.5933112536890932,0.2325143461537904,0.1741744001571163,0.5933112536890932,44,60,False,0.5933112536890932,2.0
Fold 2,1.0,1299,2025-04-05 16:00:00,75,72,D,A,0.2391530257396875,0.2324408652214408,0.5284061090388716,0.5284061090388716,44,60,False,0.5284061090388716,3.0
Fold 3,1.0,654,2025-05-04 13:00:00,12,11,D,A,0.3147536823539711,0.2314115255452741,0.4538347921007548,0.4538347921007548,273,60,False,0.4538347921007548,3.0
Fold 2,1.0,947,2025-04-12 16:30:00,40,46,D,H,0.5708980787904153,0.2290538066895174,0.2000481145200673,0.5708980787904153,44,60,False,0.5708980787904153,2.0
Fold 2,1.0,620,2025-04-12 14:00:00,15,10,D,H,0.591126211604209,0.2244596104843113,0.1844141779114796,0.591126211604209,44,60,False,0.591126211604209,2.0
Fold 3,1.0,978,2025-05-10 13:30:00,43,52,D,H,0.4936132708426732,0.2215619737148212,0.2848247554425055,0.4936132708426732,273,60,False,0.4936132708426732,3.0
Fold 1,1.0,1258,2025-03-01 14:00:00,67,74,D,H,0.6321967143244683,0.2161288892271797,0.1516743964483518,0.6321967143244683,48,60,False,0.6321967143244683,2.0
Fold 2,1.0,1288,2025-03-29 14:00:00,77,73,D,H,0.6227742060064857,0.2159670548796535,0.1612587391138607,0.6227742060064857,44,60,False,0.6227742060064857,2.0
Fold 1,1.0,1237,2025-02-15 14:00:00,67,61,D,H,0.6286145483156164,0.2158097055221757,0.1555757461622079,0.6286145483156164,48,60,False,0.6286145483156164,2.0
Fold 3,1.0,1753,2025-05-24 19:00:00,97,98,D,H,0.5624767309375307,0.2151919372305526,0.2223313318319167,0.5624767309375307,273,60,False,0.5624767309375307,3.0
Fold 2,1.0,944,2025-04-12 13:30:00,48,55,D,H,0.6152054959554437,0.2106230019862034,0.1741715020583528,0.6152054959554437,44,60,False,0.6152054959554437,2.0
Fold 3,1.0,1726,2025-05-11 19:00:00,91,96,D,H,0.6802427766388969,0.208850303118508,0.1109069202425951,0.6802427766388969,273,60,False,0.6802427766388969,2.0
Fold 2,1.0,1670,2025-04-05 19:00:00,79,91,D,H,0.6402280306088085,0.2017754236004969,0.1579965457906946,0.6402280306088085,44,60,False,0.6402280306088085,2.0
Fold 3,1.0,1362,2025-05-18 18:45:00,71,77,D,A,0.1557635877372945,0.2001296119626296,0.6441068003000759,0.6441068003000759,273,60,False,0.6441068003000759,2.0
Fold 3,1.0,1734,2025-05-15 17:00:00,97,91,D,A,0.3016909131506973,0.1955167041789536,0.5027923826703492,0.5027923826703492,273,60,False,0.5027923826703492,3.0
Fold 3,1.0,294,2025-05-10 19:00:00,33,38,D,A,0.2480416164205385,0.1912472755470561,0.5607111080324053,0.5607111080324053,273,60,False,0.5607111080324053,3.0
Fold 3,1.0,1715,2025-05-04 19:00:00,94,81,D,A,0.2412430465177726,0.1827840643792916,0.5759728891029358,0.5759728891029358,273,60,False,0.5759728891029358,3.0
Fold 3,1.0,684,2025-05-25 15:00:00,6,16,D,H,0.7461597941044543,0.1570131678316437,0.0968270380639019,0.7461597941044543,273,60,False,0.7461597941044543,2.0
Fold 3,1.0,661,2025-05-10 14:00:00,7,14,D,A,0.1288934120821655,0.1527163765830693,0.7183902113347651,0.7183902113347651,273,60,False,0.7183902113347651,2.0
